name,taxonomy,imageURL,remarks,temprange,phRange,detailsUrl
Brown-Point Shield Skin,Aspidoras fuscoguttatus,https://upload.wikimedia.org//wikipedia/commons/7/72/Aspidoras_fuscoguttatus.jpg,30 Gallons,22–25 °C (72–77 °F)[1],"5.5–6.8[1]
",
Aspidoras Cory-Cat,Aspidoras lakoi,,28 Gallons,22–25 °C (72–77 °F),,
Loach catfish,Aspidoras rochai,,,"21 - 25 degrees Celsius[3]
","6.0-7.5[3]
",
"Sixray corydoras, false corydoras",Aspidoras pauciradiatus,https://upload.wikimedia.org//wikipedia/en/1/1a/False_cory_1.jpg,,73–82 °F (23–28 °C),"6.0-7.2[4]
",https://en.wikipedia.org//wiki/Aspidoras_pauciradiatus
Britski's catfish,Brochis britskii,,,20–24 °C (68–75 °F),"6.5-7.2[5]
",https://en.wikipedia.org//wiki/Corydoras_britskii
Emerald catfish,Brochis splendens,https://upload.wikimedia.org//wikipedia/commons/8/8b/Brochis_splendens_im_Aquarium.jpg,,70–82 °F (21–28 °C),"5.8-8.0[6]
",https://en.wikipedia.org//wiki/Brochis_splendens
Hognosed brochis,Brochis multiradiatus,https://upload.wikimedia.org//wikipedia/commons/2/2a/Fish_at_Louisville_Zoo_025.jpg,,70-75 °F (21-24 °C),"6.0-7.2
",https://en.wikipedia.org//wiki/Brochis_multiradiatus
Cascarudo,Callichthys callichthys,https://upload.wikimedia.org//wikipedia/commons/9/9a/Callichthys_callichthys.JPG,,"64–83 °F (18–28 °C).
","5.8-8.3
",
Adolfo's catfish/corydoras,Corydoras adolfoi,https://upload.wikimedia.org//wikipedia/commons/5/55/Corydoras_adolfoi.jpg,,72–79 °F (22–26 °C),"6.0-7.0
",https://en.wikipedia.org//wiki/Corydoras_adolfoi
Banded corydoras,Scleromystax barbatus,https://upload.wikimedia.org//wikipedia/commons/1/1f/Schleromystax_barbatus5015.jpg,,"68 °F (20 °C) to 82 °F (28 °C)
","6.0–8.0
",https://en.wikipedia.org//wiki/Scleromystax_barbatus
"Masked corydoras, bandit corydoras",Corydoras metae,https://upload.wikimedia.org//wikipedia/commons/c/c4/Acuario.jpg,,72–79 °F (22–26 °C),"6.0-7.0
",https://en.wikipedia.org//wiki/Corydoras_metae
Barred-tail corydoras,Corydoras cochui,https://upload.wikimedia.org//wikipedia/commons/6/6e/Barred_tail_corydoras.jpg,,70-75º F,"6.0 - 7.0
",https://en.wikipedia.org//wiki/Corydoras_cochui
Blackstripe corydoras,Corydoras bondi,,,,,https://en.wikipedia.org//wiki/Corydoras_bondi
Blacktop corydoras,Corydoras acutus,https://upload.wikimedia.org//wikipedia/commons/2/22/Corydoras_acutus_by_Frank_M._Greco.jpg,,,,https://en.wikipedia.org//wiki/Corydoras_acutus
Blue corydoras,Corydoras nattereri,https://upload.wikimedia.org//wikipedia/commons/2/2e/Corydoras_nattereri.JPG,,,,https://en.wikipedia.org//wiki/Corydoras_nattereri
Bluespotted corydoras,Corydoras melanistius,,,,,https://en.wikipedia.org//wiki/Corydoras_melanistius
"Bronze corydoras, Emerald green cory",Corydoras aeneus,https://upload.wikimedia.org//wikipedia/commons/4/47/Corydoras_aeneus_2.jpg,,77 °F to 82 ° (25 °C to 28 °C),,https://en.wikipedia.org//wiki/Corydoras_aeneus
Caracha,Corydoras atropersonatus,https://upload.wikimedia.org//wikipedia/commons/6/61/Corydoras_Atropersonatus.jpg,,,,
Ehrhardt's corydoras,Corydoras ehrhardti,,,,,
Evelyn's cory,Corydoras evelynae,,,,,
Loxozonus cory,Corydoras loxozonus,,,,,
Corydoras nain,Corydoras nanus,,,,,
Long nosed arched cory,Corydoras narcissus,,,,,
Dwarf corydoras,Corydoras hastatus,https://upload.wikimedia.org//wikipedia/commons/f/f4/Corydoras_hastatus.jpg,,,,https://en.wikipedia.org//wiki/Corydoras_hastatus
Elegant corydoras,Corydoras elegans,https://upload.wikimedia.org//wikipedia/commons/f/f3/Corydoras_elegans.jpg,,,,https://en.wikipedia.org//wiki/Corydoras_elegans
False network catfish,Corydoras sodalis,,,,,https://en.wikipedia.org//wiki/Corydoras_sodalis
False spotted catfish,Corydoras leucomelas,https://upload.wikimedia.org//wikipedia/commons/3/37/Corydoras_leucomelas.jpg,,,,https://en.wikipedia.org//wiki/Corydoras_leucomelas
Gold laser cory,Corydoras melanotaenia,https://upload.wikimedia.org//wikipedia/commons/7/71/Corydoras_sp._CW010.jpg,,,,https://en.wikipedia.org//wiki/Corydoras_melanotaenia
Guapore corydoras,Corydoras guapore,,,,,https://en.wikipedia.org//wiki/Corydoras_guapore
"Mosaic corydoras, reticulated corydoras",Corydoras haraldschultzi,https://upload.wikimedia.org//wikipedia/commons/8/85/Corydoras_haraldschultzi_aquarium.jpg,,,,
"Mosaic corydoras, reticulated corydoras",Corydoras reticulatus,,,,,
Panda corydoras,Corydoras panda,https://upload.wikimedia.org//wikipedia/commons/9/97/Corydoras_panda_01.jpg,,,"6.0-8.0[8]
",
Pastaza corydoras,Corydoras pastazensis,,,,,https://en.wikipedia.org//wiki/Corydoras_pastazensis
"Peppered corydoras, salt and pepper catfish",Corydoras paleatus,https://upload.wikimedia.org//wikipedia/commons/6/69/Corydoras_paleatus_by_NiKo.jpg,,,,
Pink corydoras,Corydoras axelrodi,,,,,https://en.wikipedia.org//wiki/Corydoras_axelrodi
Pygmy corydoras,Corydoras pygmaeus,https://upload.wikimedia.org//wikipedia/commons/5/5e/Corydoras_pygmaeus5333.jpg,,,,https://en.wikipedia.org//wiki/Corydoras_pygmaeus
Sailfin corydoras,Scleromystax macropterus,,,,,https://en.wikipedia.org//wiki/Scleromystax_macropterus
Salt and pepper catfish/corydoras,Corydoras habrosus,https://upload.wikimedia.org//wikipedia/commons/3/3e/Corydoras_habrosus.png,,,,https://en.wikipedia.org//wiki/Corydoras_habrosus
Schwartz's catfish,Corydoras schwartzi,https://upload.wikimedia.org//wikipedia/commons/2/23/Corydoras_schwartzi.jpg,,,,https://en.wikipedia.org//wiki/Corydoras_schwartzi
"Spotted corydoras, longnose corydoras",Corydoras ambiacus,,,,,https://en.wikipedia.org//wiki/Corydoras_ambiacus
Sterba's corydoras,Corydoras sterbai,https://upload.wikimedia.org//wikipedia/commons/d/df/Corydoras_sterbai.jpg,,,,https://en.wikipedia.org//wiki/Corydoras_sterbai
Sychr's catfish,Corydoras sychri,,,,,https://en.wikipedia.org//wiki/Corydoras_sychri
Tailspot corydoras,Corydoras caudimaculatus,,,,,https://en.wikipedia.org//wiki/Corydoras_caudimaculatus
"Threestripe corydoras, leopard catfish, false julii cory",Corydoras trilineatus,https://upload.wikimedia.org//wikipedia/commons/2/26/Corydoras_trilineatus3.jpg,,,,https://en.wikipedia.org//wiki/Corydoras_trilineatus
Xingu corydoras,Corydoras xinguensis,,,,,https://en.wikipedia.org//wiki/Corydoras_xinguensis
Julii corydoras,Corydoras julii,https://upload.wikimedia.org//wikipedia/commons/e/e0/Corydoras_julii.jpg,,,,
"Flagtail catfish
","Dianema urostriatum
",https://upload.wikimedia.org//wikipedia/commons/f/fa/Dianema_urostriata.JPG,,"77° – 82 °F
(25° – 28 °C)

","6.0-8.0
",https://en.wikipedia.org//wiki/Dianema_urostriatum
"Bristlenose pleco, bushynose pleco",Ancistrus sp.,https://upload.wikimedia.org//wikipedia/commons/8/8d/Bristlenose_Catfish_700.jpg,"The bristlenose genus has at least 59 identified species and many others yet to be named [12]. Males and female both have long ""bristles"" on their nose, the males having distinctly longer ones.","72-84 F (20-27 C)
","|
",
Gold nugget pleco,Baryancistrus sp.,https://upload.wikimedia.org//wikipedia/commons/c/c5/Baryancistrus-L018.jpg,,"77-86 F (25-30 C)
","|
",
Whiptail catfish,Rineloricaria sp.,https://upload.wikimedia.org//wikipedia/commons/4/4f/Viola_%28Rineloricaria_longicauda%29_2.jpg,,,,
Twig catfish,Farlowella sp.,https://upload.wikimedia.org//wikipedia/commons/7/7c/Farlowella_arcus_3.jpg,,,,
Panaque,Panaque sp.,https://upload.wikimedia.org//wikipedia/commons/9/94/Panaque.JPG,,,,
"Pineapple pleco, orange cheek pleco",Pseudorinelepis sp.,https://upload.wikimedia.org//wikipedia/commons/7/78/Pineapplepleco.JPG,,,,
"Common pleco, suckermouth catfish, Amazon sailfin catfish",Pterygoplichthys pardalis,https://upload.wikimedia.org//wikipedia/commons/a/a8/Liposarcus_pardalis.jpg,,,,
"Common pleco, suckermouth catfish",Hypostomus punctatus,https://upload.wikimedia.org//wikipedia/commons/1/16/SukermouthCatfish.jpg,,,,
"Common pleco, suckermouth catfish",Hypostomus plecostomus,https://upload.wikimedia.org//wikipedia/commons/3/3e/Pterygoplichthys_pardalis_700.jpg,,,,
"Leopard sailfin pleco, clown sailfin pleco",Pterygoplichthys gibbiceps,https://upload.wikimedia.org//wikipedia/commons/3/35/Sailfin-pleco.jpg,,,,
"Zebra pleco, L-046",Hypancistrus zebra,https://upload.wikimedia.org//wikipedia/commons/9/9c/Hypancistrus_zebra4305.jpg,"One of the most popular Hypancistrus species.
Endangered.[13]

",,,https://en.wikipedia.org//wiki/Hypancistrus_zebra
Sailfin catfish,Pterygoplichthys multiradiatus,https://upload.wikimedia.org//wikipedia/commons/0/03/Liposarcus_multiradiatus_01_ssj_20050321.jpg,,,,
"Golden dwarf sucker, golden oto",Macrotocinclus affinis,https://upload.wikimedia.org//wikipedia/commons/e/e4/Otocinclus_affinis.JPG,,,,https://en.wikipedia.org//wiki/Macrotocinclus_affinis
"Zebra dwarf sucker, zebra oto",Otocinclus cocama,https://upload.wikimedia.org//wikipedia/commons/a/ad/Otocinclus_cocama.jpg,,,,https://en.wikipedia.org//wiki/Otocinclus_cocama
Bolt catfish,Aguarunichthys torosus,,,,,
Gold Zebra catfish,Brachyplatystoma juruense,,,,,
Zebra shovelnose,Brachyplatystoma tigrinum,,,,,
"Vulture Catfish, zamurito",Calophysus macropterus ,https://upload.wikimedia.org//wikipedia/commons/3/3c/Pimelodidae_Callophysus_macropterus.jpg,,,,
Redtail catfish,Phractocephalus hemioliopterus,https://upload.wikimedia.org//wikipedia/commons/d/df/Phractocephalus_hemioliopterus2.JPG,,"70–79 °F (21–26 °C)[14]
","6.0–7.5[14]
",https://en.wikipedia.org//wiki/Phractocephalus_hemioliopterus
"Spotted pimelodus, pictus, pictus catfish",Pimelodus pictus,https://upload.wikimedia.org//wikipedia/commons/1/1d/Pimelodus_pictus.jpg,,,,
Ornate Pimelodus,Pimelodus ornatus,,,,,
Sturgeon catfish,Platystomatichthys sturio,,,,,https://en.wikipedia.org//wiki/Platystomatichthys_sturio
Barred sorubim,Pseudoplatystoma fasciatum,,,,,
Tiger sorubim,Pseudoplatystoma tigrinum,https://upload.wikimedia.org//wikipedia/commons/f/f9/Pseudoplatystoma_tigrinum1.jpg,,,,
"Firewood catfish, (planiceps) shovelnose catfish",Sorubimichthys planiceps,https://upload.wikimedia.org//wikipedia/commons/e/e8/Firewood_catfish.jpg,,,,https://en.wikipedia.org//wiki/Sorubimichthys_planiceps
Lima shovelnose catfish,Sorubium lima,https://upload.wikimedia.org//wikipedia/commons/8/89/Silure_spatule.jpg,,,,
Cuckoo squeaker,Synodontis multipunctatus,https://upload.wikimedia.org//wikipedia/commons/d/de/Synodontis-multipunctatus.jpg,,,,
Decorated squeaker,Synodontis decorus,,,,,
Even-Spotted squeaker,Synodontis petricola,https://upload.wikimedia.org//wikipedia/commons/8/8a/Synodontis_petricola.jpg,,,,
Featherfin squeaker,Synodontis eupterus,https://upload.wikimedia.org//wikipedia/commons/7/7c/Synodontis_Eupterus_3.JPG,,,,https://en.wikipedia.org//wiki/Synodontis_eupterus
Lake Malawi syno,Synodontis njassae,https://upload.wikimedia.org//wikipedia/commons/9/9b/Synodontis_njassae_01_ssj_20050321.jpg,,,,https://en.wikipedia.org//wiki/Synodontis_njassae
Polka dot syno,Synodontis angelicus,https://upload.wikimedia.org//wikipedia/commons/3/37/Synodontis_angelica.jpg,,,,
"Common syno, false upside-down catfish",Synodontis nigrita,,,,,
Upside-down catfish,Synodontis nigriventris,https://upload.wikimedia.org//wikipedia/commons/8/8d/Synodontis.jpg,"S. nigriventris prefers bottom feeding on Tubifex (or similar worms), but its main diet consists of algae.[15]",,,
Three-striped African catfish,Pareutropius buffei,,,,,
Giraffe catfish,Auchenoglanis occidentalis,https://upload.wikimedia.org//wikipedia/commons/2/24/Auchenoglanis_occidentalis_01_by_Line1.JPG,,,,https://en.wikipedia.org//wiki/Auchenoglanis_occidentalis
Electric catfish,Malapterurus electricus,https://upload.wikimedia.org//wikipedia/commons/b/b5/Malapterurus_electricus_1.jpg,,,,
Black lancer catfish,Bagrichthys macracanthus,,,,,https://en.wikipedia.org//wiki/Bagrichthys_macracanthus
Harlequin lancer catfish,Bagroides melapterus,,,,,
Crystal-eyed catfish,Hemibagrus wyckii,,,,,
Asian redtail catfish,Hemibagrus wyckioides,,,,,
Shadow catfish,Hyalobagrus flavus,https://upload.wikimedia.org//wikipedia/commons/6/68/Pelteobagrus_ornatus_%284222100061%29.jpg,,,,
Dwarf bumblebee catfish,Pseudomystus leiacanthus,,,,,
Asian bumblebee catfish,Pseudomystus siamensis,,,,,
Dinema catfish,Belodontichthys dinema,https://upload.wikimedia.org//wikipedia/commons/4/4c/Belodontichthys_dinema.jpg,,,,
Glass catfish,Kryptopterus vitreolus,https://upload.wikimedia.org//wikipedia/commons/5/54/Glaswelse.jpg,,,,
Striped glass catfish,Kryptopterus macrocephalus,,,,,
Borneo glass catfish,Ompok eugeneiatus,,,,,
Striped wallago catfish,Wallago leerii,https://upload.wikimedia.org//wikipedia/commons/7/7d/Wallagonia_leerii.jpg,,,,https://en.wikipedia.org//wiki/Wallago_leerii
Chocolate frogmouth catfish,Chaca bankanensis,https://upload.wikimedia.org//wikipedia/commons/1/17/Chaca_bankanensis_juveniles.png,,,,
Asian banjo catfish,Acrochordonichthys rugosus,,,,,
Walking catfish,Clarias batrachus,https://upload.wikimedia.org//wikipedia/commons/3/34/Clarias_batrachus_Aquarium_tropical_du_Palais_de_la_Porte_Dor%C3%A9e_10_04_2016_1.jpg,"The albino form is common in the aquarium trade. This fish can survive out of the water and ""walk"" as long as kept wet, for a very long time. [16]",,,https://en.wikipedia.org//wiki/Clarias_batrachus
Stinging catfish,Heteropneustes fossilis,https://upload.wikimedia.org//wikipedia/commons/b/bc/%D0%9C%D0%B5%D1%88%D0%BA%D0%BE%D0%B6%D0%B0%D0%B1%D0%B5%D1%80%D0%BD%D1%8B%D0%B9_%D1%81%D0%BE%D0%BC_%D0%93%D1%80%D0%BE%D0%B4%D0%BD%D0%BE.JPG,,,,
Sun catfish,Horabagrus brachysoma,https://upload.wikimedia.org//wikipedia/commons/8/84/The_Manjakoori_%28Sun_Catfish%29_from_the_Chalakudy_River%2C_Kerala.jpg,,,,
Iridescent shark,Pangasianodon hypophthalmus,https://upload.wikimedia.org//wikipedia/commons/7/73/Aquarium_tropical_de_Pierrefitte-Nestalas_03082018_Pangasianodon_hypophthalmus_2.jpg,,,,https://en.wikipedia.org//wiki/Pangasianodon_hypophthalmus
"Chao Phraya giant shark, giant pangasius",Pangasius sanitwongsei,https://upload.wikimedia.org//wikipedia/commons/9/99/Pangasiidae_-_Pangasius_sanitwongsei.jpg,,,,https://en.wikipedia.org//wiki/Pangasius_sanitwongsei
Colombian shark catfish,Ariopsis seemanni,https://upload.wikimedia.org//wikipedia/commons/f/f6/MA_Luisenpark_Sciades_seemanni.jpg,,,,https://en.wikipedia.org//wiki/Ariopsis_seemanni
Blue whale catfish,Cetopsis coecutiens,,,,,
Banjo catfish,Bunocephalus coracoideus,,,,,
Striped raphael catfish,Platydoras armatulus,https://upload.wikimedia.org//wikipedia/commons/7/78/Platydoras_costatus_5_%28Piotr_Kuczynski%29.jpg,,,,https://en.wikipedia.org//wiki/Platydoras_armatulus
Spotted raphael catfish,Agamyxis pectinifrons,https://upload.wikimedia.org//wikipedia/commons/7/7e/Dornwels.JPG,,,,
Bottlenose catfish,Ageneiosus marmoratus,,,,,https://en.wikipedia.org//wiki/Ageneiosus_marmoratus
Gulper catfish,Asterophysus batrachus,,,,,
Midnight catfish,Auchenipterichthys coracoideus,,,,,
Oil catfish,Centromochlus perugiae,,,,,
Jaguar catfish,Liosomadoras oncinus,,,,,
Pygmy driftwood catfish,Trachelyichthys exilis,,,,,
Black phantom tetra,Hyphessobrycon megalopterus,https://upload.wikimedia.org//wikipedia/commons/4/40/Hyphessobrycon_megalopterus_Porte_Doree.jpg,,,,https://en.wikipedia.org//wiki/Hyphessobrycon_megalopterus
Black neon tetra,Hyphessobrycon herbertaxelrodi,https://upload.wikimedia.org//wikipedia/commons/2/2d/Black_neon_tetra.jpg,,,,https://en.wikipedia.org//wiki/Hyphessobrycon_herbertaxelrodi
"Black tetra, skirt tetra",Gymnocorymbus ternetzi,https://upload.wikimedia.org//wikipedia/commons/c/c4/Adulter_Trauermantelsalmer-Gymnocorymbus_ternetzi.jpg,,,,https://en.wikipedia.org//wiki/Gymnocorymbus_ternetzi
Bleeding heart tetra,Hyphessobrycon erythrostigma,https://upload.wikimedia.org//wikipedia/commons/9/98/Kirschflecksalmler-W.jpg,,,,https://en.wikipedia.org//wiki/Hyphessobrycon_erythrostigma
Bloodfin tetra,Aphyocharax anisitsi,https://upload.wikimedia.org//wikipedia/commons/d/dc/Aphyocharax_anisitsi_2.jpg,,,,https://en.wikipedia.org//wiki/Aphyocharax_anisitsi
Blue tetra,Knodus borki,https://upload.wikimedia.org//wikipedia/commons/6/6d/Boehlkea_fredcochui_malefemale.jpg,,,,
Bucktooth tetra,Exodon paradoxus,https://upload.wikimedia.org//wikipedia/commons/c/c9/DSCN6064_%286260740474%29.jpg,,,,https://en.wikipedia.org//wiki/Exodon_paradoxus
Buenos Aires tetra,Hyphessobrycon anisitsi,https://upload.wikimedia.org//wikipedia/commons/4/47/Hyphessobrycon_anisitsi.jpg,,,,https://en.wikipedia.org//wiki/Hyphessobrycon_anisitsi
Cardinal tetra,Paracheirodon axelrodi,https://upload.wikimedia.org//wikipedia/commons/3/3e/Paracheirodon_cardinalis.JPG,,,,https://en.wikipedia.org//wiki/Paracheirodon_axelrodi
"Cave tetra, blind tetra",Astyanax mexicanus,https://upload.wikimedia.org//wikipedia/commons/e/e0/Astyanax_mexicanus%2C_Palmiarnia_Pozna%C5%84ska.jpg,,,,https://en.wikipedia.org//wiki/Astyanax_mexicanus
Diamond tetra,Moenkhausia pittieri,https://upload.wikimedia.org//wikipedia/commons/e/ee/Brillantsalmler.jpg,,,,https://en.wikipedia.org//wiki/Moenkhausia_pittieri
Ember tetra,Hyphessobrycon amandae,https://upload.wikimedia.org//wikipedia/commons/5/55/AKT_1430bq.jpg,,,,https://en.wikipedia.org//wiki/Hyphessobrycon_amandae
Emperor tetra,Nematobrycon palmeri,https://upload.wikimedia.org//wikipedia/commons/5/5e/Emperor_tetra.jpg,,,,
Flame tetra,Hyphessobrycon flammeus,https://upload.wikimedia.org//wikipedia/commons/a/ad/Roter_von_Rio_-_Hyphessobrycon_flammeus.jpg,,,,https://en.wikipedia.org//wiki/Hyphessobrycon_flammeus
"Garnet tetra, pretty tetra",Hemigrammus pulcher,https://upload.wikimedia.org//wikipedia/commons/2/23/H.pulcher_IMG_3268.jpg,,,,
Glass bloodfin tetra,Prionobrama filigera,https://upload.wikimedia.org//wikipedia/commons/9/95/Bloodfin_Glass_Tetra.jpg,,,,https://en.wikipedia.org//wiki/Prionobrama_filigera
Glowlight tetra,Hemigrammus erythrozonus,https://upload.wikimedia.org//wikipedia/commons/b/b4/Tetra_Glowlight_cropped.jpg,,,,
Golden pristella tetra,Pristella maxillaris,https://upload.wikimedia.org//wikipedia/commons/c/c4/Pristella_maxillaris.jpg,,,,
Green neon tetra,Paracheirodon simulans,https://upload.wikimedia.org//wikipedia/commons/7/78/Paracheirodon_simulans.jpg,,,,https://en.wikipedia.org//wiki/Paracheirodon_simulans
Head and tail light tetra,Hemigrammus ocellifer,https://upload.wikimedia.org//wikipedia/commons/4/4f/Head-%26-Tail-Light-Tetra.jpg,,,,https://en.wikipedia.org//wiki/Hemigrammus_ocellifer
January tetra,Hemigrammus hyanuary,https://upload.wikimedia.org//wikipedia/commons/4/4c/Hemigrammus_hyanuary_thomnight_001.jpg,,,,https://en.wikipedia.org//wiki/Hemigrammus_hyanuary
Lemon tetra,Hyphessobrycon pulchripinnis,https://upload.wikimedia.org//wikipedia/commons/0/07/Hyphessobrycon_pulchripinnis.jpg,,,,https://en.wikipedia.org//wiki/Hyphessobrycon_pulchripinnis
Neon tetra,Paracheirodon innesi,https://upload.wikimedia.org//wikipedia/commons/5/54/Neonka_obecna_paracheirodon_innesi.jpg,,,,https://en.wikipedia.org//wiki/Paracheirodon_innesi
Ornate tetra,Hyphessobrycon bentosi,https://upload.wikimedia.org//wikipedia/commons/1/1d/Schmucksalmler_Hyphessobrycon_bentosi.jpg,,,,
"Penguin tetra, blackline penguinfish",Thayeria boehlkei,https://upload.wikimedia.org//wikipedia/commons/5/5b/Thayeria_boehlkei.jpg,,,,
Red Eye tetra,Moenkhausia sanctaefilomenae,https://upload.wikimedia.org//wikipedia/commons/c/c2/Red_eye_tetra.jpg,,,,https://en.wikipedia.org//wiki/Moenkhausia_sanctaefilomenae
Red phantom tetra,Hyphessobrycon sweglesi,https://upload.wikimedia.org//wikipedia/commons/5/52/Megalamphodussweglesi01.jpg,,,,
Rosy tetra,Hyphessobrycon rosaceus,https://upload.wikimedia.org//wikipedia/commons/4/4a/Male_Rosy_Tetra.JPG,,,,https://en.wikipedia.org//wiki/Hyphessobrycon_rosaceus
Royal tetra,Inpaichthys kerri,https://upload.wikimedia.org//wikipedia/commons/5/58/05.Inpaichtys_kerri.JPG,,,,https://en.wikipedia.org//wiki/Inpaichthys_kerri
Rummy-nose tetra,Hemigrammus rhodostomus,https://upload.wikimedia.org//wikipedia/commons/2/2a/Petitella_rhodostomus_%28Hemigrammus_rhodostomus%29%2C_2013.jpg,,,,https://en.wikipedia.org//wiki/Hemigrammus_rhodostomus
Splash tetra,Copella arnoldi,https://upload.wikimedia.org//wikipedia/commons/3/38/Copella_arnoldi.jpg,,,,
Serpae tetra,Hyphessobrycon serpae,https://upload.wikimedia.org//wikipedia/commons/8/8c/Serpae_tetra.JPG,,,,https://en.wikipedia.org//wiki/Hyphessobrycon_serpae
Silvertip tetra,Hasemania nana,https://upload.wikimedia.org//wikipedia/commons/1/18/Kobbertetra_Hasemania_nana.jpg,,,,https://en.wikipedia.org//wiki/Hasemania_nana
X-ray tetra,Pristella maxillaris,https://upload.wikimedia.org//wikipedia/commons/2/2d/Pristella_tetra1.jpg,,,,
Congo tetra,Phenacogrammus interruptus,https://upload.wikimedia.org//wikipedia/commons/4/45/Phenacogrammus_interruptus_%28aka%29.jpg,,,,https://en.wikipedia.org//wiki/Phenacogrammus_interruptus
Jellybean tetra,Ladigesia roloffi,https://upload.wikimedia.org//wikipedia/commons/b/b5/Ladigesia_roloffi_-_AquaPorteDoree_06.JPG,,,,
Long-fin tetra,Brycinus longipinnis,https://upload.wikimedia.org//wikipedia/commons/e/e3/Langflossensalmler_Brycinus_longipinnis_Tierpark_Hellabrunn-2.jpg,,,,
Niger tetra,Arnoldichthys spilopterus,https://upload.wikimedia.org//wikipedia/commons/8/87/Arnoldichthys_spilopterus.JPG,,,,
Yellow-tailed Congo tetra,Alestopetersius caudalis,https://upload.wikimedia.org//wikipedia/commons/1/17/Alestopetersius_caudalis.jpg,,,,https://en.wikipedia.org//wiki/Alestopetersius_caudalis
Common hatchetfish,Gasteropelecus sternicla,https://upload.wikimedia.org//wikipedia/commons/1/1d/Gasteropelecus_sternicla.JPG,,,,https://en.wikipedia.org//wiki/Gasteropelecus_sternicla
Marbled hatchetfish,Carnegiella strigata,https://upload.wikimedia.org//wikipedia/commons/c/c0/Beilbauchsalmler.jpg,,,,https://en.wikipedia.org//wiki/Carnegiella_strigata
Black-winged hatchetfish,Carnegiella marthae,https://upload.wikimedia.org//wikipedia/commons/3/37/BlackWingedHatchetfish.jpg,,,,https://en.wikipedia.org//wiki/Carnegiella_marthae
Golden pencilfish,Nannostomus beckfordi,https://upload.wikimedia.org//wikipedia/commons/7/77/Nannostomus-beckfordi.jpg,,,,
Hockeystick pencilfish,Nannostomus eques,https://upload.wikimedia.org//wikipedia/commons/1/11/Nannostomus_eques.jpg,,,,
Barred pencilfish,Nannostomus espei,https://upload.wikimedia.org//wikipedia/commons/d/da/Nannostomus-espei.jpg,,,,
Dwarf pencilfish,Nannostomus marginatus,https://upload.wikimedia.org//wikipedia/commons/1/18/Nannostomus_marginatus%2C_adultes_M%C3%A4nnchen.jpg,,,,
Coral-red pencilfish,Nannostomus mortenthaleri,https://upload.wikimedia.org//wikipedia/commons/7/77/Red_Pencilfish.jpg,,,,
Three-lined pencilfish,Nannostomus trifasciatus,https://upload.wikimedia.org//wikipedia/commons/d/d0/Nannostomustrifasciatus.jpg,,,,
One-lined Pencilfish,Nannostomus unifasciatus ,https://upload.wikimedia.org//wikipedia/commons/1/17/Nannostomus_unifasciatus.jpg,,,,
Silver dollar,Metynnis argenteus,https://upload.wikimedia.org//wikipedia/commons/a/a4/Silver_Dollar_Metynnis_argenteus.jpg,,,,
Schreitmuller’s metynnis,Metynnis hypsauchen,https://upload.wikimedia.org//wikipedia/commons/9/93/Metynnis_hypsauchen_small.jpg,,,,
Red-bellied pacu,Colossoma bidens,https://upload.wikimedia.org//wikipedia/commons/b/b3/Red_Pacu.JPG,"78–82 °F (26–28 °C)
",,,https://en.wikipedia.org//wiki/Colossoma_bidens
Red piranha,Pygocentrus nattereri,https://upload.wikimedia.org//wikipedia/commons/c/cd/Gregory_Moine_-_Red_bellied_Piranha_%28by%29.jpg,,,,https://en.wikipedia.org//wiki/Pygocentrus_nattereri
Disk tetra,Myleus schomburgkii,https://upload.wikimedia.org//wikipedia/commons/8/82/Myleus_schomburgkii.jpg,"23 °C to 27 °C
","5.0–7.0
",,https://en.wikipedia.org//wiki/Myleus_schomburgkii
African pike characin,Hepsetus odoe,https://upload.wikimedia.org//wikipedia/commons/c/c0/Hepsetus_odoe.jpg,,,,
Goliath tigerfish,Hydrocynus goliath,https://upload.wikimedia.org//wikipedia/commons/8/82/Hydrocynus_goliath.jpg,,,,
Hujeta gar,Ctenolucius hujeta,https://upload.wikimedia.org//wikipedia/commons/0/06/Ctenolucius_hujeta_3.jpg,,,,
"Kissing prochilodus, flagtail Prochilodus",Semaprochilodus insignis,https://upload.wikimedia.org//wikipedia/commons/b/b4/Prochilodus_insignis_-_Zoo_Frankfurt_1.jpg,,,,
Marbled headstander,Abramites hypselonotus,https://upload.wikimedia.org//wikipedia/commons/2/28/Abramites_hypselonotus.jpg,,,,
Banded leporinus,Leporinus fasciatus,https://upload.wikimedia.org//wikipedia/commons/e/ee/Banded_Leporinus_%28Leporinus_fasciatus%29_%287124562451%29.jpg,,,,
Striped headstander,Anostomus anostomus,https://upload.wikimedia.org//wikipedia/commons/1/12/Anostomus_anostomus%2C_striped_headstander.jpg,,,,
Six-banded distichodus,Distichodus sexfasciatus,https://upload.wikimedia.org//wikipedia/commons/a/ab/Distichodontidae_-_Distichodus_sexfasciatus.JPG,,,,https://en.wikipedia.org//wiki/Distichodus_sexfasciatus
Payara,Hydrolycus scomberoides,https://upload.wikimedia.org//wikipedia/commons/a/a3/Hydrolycus_scomberoides_by_OpenCage.jpg,,,,https://en.wikipedia.org//wiki/Hydrolycus_scomberoides
Pink-tail chalceus,Chalceus macrolepidotus,https://upload.wikimedia.org//wikipedia/commons/7/79/Chalceus_macrolepidotus.jpg,,,,https://en.wikipedia.org//wiki/Chalceus_macrolepidotus
Red wolf fish,Erythrinus erythrinus,https://upload.wikimedia.org//wikipedia/commons/4/4c/Erythrinus_erythrinus.jpg,,,,
Red tail barracuda,Acestrorhynchus falcatus,https://upload.wikimedia.org//wikipedia/commons/3/32/Acestrorhynchus_falcatus_Aquarium_tropical_du_Palais_de_la_Porte_Dor%C3%A9e_10_04_2016.jpg,,,,
Spotted headstander,Chilodus punctatus,https://upload.wikimedia.org//wikipedia/commons/0/0f/Chilodus_punctatus.jpg,,,,
Sunshine peacock cichlid,Aulonocara baenschi,https://upload.wikimedia.org//wikipedia/commons/0/0a/Aulonocara_hansbaenschi.jpg,,,,https://en.wikipedia.org//wiki/Aulonocara_baenschi
Pale usisya aulonocara,Aulonocara steveni,https://upload.wikimedia.org//wikipedia/commons/4/4e/Aulonocara_steveni_Usisya.jpg,,,,https://en.wikipedia.org//wiki/Aulonocara_steveni
Red fin hap,Copadichromis borleyi,https://upload.wikimedia.org//wikipedia/commons/d/d8/Copadichromis_borleyi2.jpg,,,,
Eureka red peacock,Aulonocara jacobfreibergi,https://upload.wikimedia.org//wikipedia/commons/e/e8/Aulonocara_jacobfreigi.jpg,,,,
Spilo,Champsochromis spilorhynchus,,,,,
"Blue dolphin cichlid, lumphead cichlid",Cyrtocara moorii,https://upload.wikimedia.org//wikipedia/commons/2/29/Cyrtocara_moorii.jpg,,,,https://en.wikipedia.org//wiki/Cyrtocara_moorii
"Afra cichlid, dogtooth cichild",Cynotilapia afra,https://upload.wikimedia.org//wikipedia/commons/c/cf/Cynotilapia_afra.jpg,,,,
"Rusty cichlid, lavender cichild",Iodotropheus sprengerae,https://upload.wikimedia.org//wikipedia/commons/c/c7/Iodotropheus_sprengerae.jpg,,,,
"Fuelleborn's cichlid, Blue mbuna",Labeotropheus fuelleborni,https://upload.wikimedia.org//wikipedia/commons/e/e7/Labeotropheus_fuelleborni_crop.png,,,,https://en.wikipedia.org//wiki/Labeotropheus_fuelleborni
Electric yellow cichlid,Labidochromis caeruleus,https://upload.wikimedia.org//wikipedia/commons/b/b1/Electric_Yellow_Lab_Cichlid.jpg,,,,
Electric blue cichlid,Sciaenochromis fryeri,https://upload.wikimedia.org//wikipedia/commons/1/18/Fryeri2.jpg,,,,
Malawi eyebiter,Dimidiochromis compressiceps,https://upload.wikimedia.org//wikipedia/commons/6/68/Cichlidae_-_Dimidiochromis_compressiceps.JPG,,,,https://en.wikipedia.org//wiki/Dimidiochromis_compressiceps
"Hongi, Red-top kimpumpa","Labidochromis sp. ""Hongi""",https://upload.wikimedia.org//wikipedia/commons/7/7a/Labidochromis_sp_hongi.jpg,,,,https://en.wikipedia.org//wiki/Labidochromis_sp._Hongi
Yellow Top Mbamba,"Labidochromis sp. ""Mbamba Bay""",,,,,https://en.wikipedia.org//wiki/Labidochromis_sp._%22Mbamba_Bay%22
"Auratus cichlid, Malawi golden cichlid",Melanochromis auratus,https://upload.wikimedia.org//wikipedia/commons/4/40/Melanochromis_auratus_%28female%29.jpg,,,,
Chipokee cichlid,Melanochromis chipokae,,,,,
"Blue johanni cichlid, Maingano",Melanochromis cyaneorhabdos,https://upload.wikimedia.org//wikipedia/commons/1/11/Melanochromis_cyaneorhabdos.jpg,,,,https://en.wikipedia.org//wiki/Melanochromis_cyaneorhabdos
Pearl of Likoma,Melanochromis joanjohnsonae,https://upload.wikimedia.org//wikipedia/commons/f/f4/Melanochromis_joanjohnsonae.jpg,,,,https://en.wikipedia.org//wiki/Melanochromis_joanjohnsonae
Aurora,Melanochromis aurora,,,,,
Red zebra cichlid,Metriaclima estherae,https://upload.wikimedia.org//wikipedia/commons/7/73/Pyszczak.jpg,,,,https://en.wikipedia.org//wiki/Metriaclima_estherae
"Cobalt blue cichlid, cobalt zebra cichlid",Maylandia callainos,https://upload.wikimedia.org//wikipedia/commons/e/e0/Cobaltblue1.jpg,,,,
Kenyi cichlid,Maylandia lombardoi,https://upload.wikimedia.org//wikipedia/commons/f/f1/Maylandia_lombardoi.jpg,,,,
Fusco,Nimbochromis fuscotaeniatus,https://upload.wikimedia.org//wikipedia/commons/9/9a/Nimbochromis_Fuscotaeniatus_male.jpg,,,,
Livingston's cichlid,Nimbochromis livingstonii,https://upload.wikimedia.org//wikipedia/commons/b/b2/Adult_male_livingstonii.png,,,,
Kaligono,Nimbochromis polystigma,https://upload.wikimedia.org//wikipedia/commons/8/8d/Polystigma.jpg,,,,
"Venustus cichlid, giraffe cichild",Nimbochromis venustus,https://upload.wikimedia.org//wikipedia/commons/a/a2/Nimbochromis_venustus.JPG,,,,
Red empress cichlid,Protomelas taeniolatus,https://upload.wikimedia.org//wikipedia/commons/0/02/Protomelas_taeniolatus_by_Derek_Ramsey.jpg,,,,
"Bumblebee cichlid, hornet cichlid",Pseudotropheus crabro,https://upload.wikimedia.org//wikipedia/commons/2/29/Pseudotropheus_Crabo_Male.JPG,,,,
Yellow-tail acei,Pseudotropheus acei,https://upload.wikimedia.org//wikipedia/commons/0/0b/Yellow_tailed_acei.jpg,,,,https://en.wikipedia.org//wiki/Pseudotropheus_acei
Johanni cichlid,Pseudotropheus johannii,https://upload.wikimedia.org//wikipedia/commons/a/a4/Melanochromis_johanni_Male.jpg,,,,
Dwarf Mbuna,Pseudotropheus demasoni,https://upload.wikimedia.org//wikipedia/commons/4/48/Pseudotropheus_demasoni.jpg,,,,
Saulosi,Pseudotropheus saulosi,https://upload.wikimedia.org//wikipedia/commons/e/ee/Pseudotropheus_saulosi.jpg,,,,
Malawi barracuda,Rhampsochromis cf. macrophthalmus,,,,,
Frontosa cichild,Cyphotilapia frontosa,https://upload.wikimedia.org//wikipedia/commons/8/86/Cyphotilapia_frontosa_by_Ark.jpg,,,,
Frontosa cichild,Cyphotilapia gibberosa,https://upload.wikimedia.org//wikipedia/commons/f/f1/Cyphotilapia_gibberosa_-_GRB.jpg,,,,
Julie cichlid,Julidochromis dickfeldi,https://upload.wikimedia.org//wikipedia/commons/a/a9/Julidochromis_dickfeldi.jpg,,,,https://en.wikipedia.org//wiki/Julie_cichlid
Masked Julie,Julidochromis marlieri,https://upload.wikimedia.org//wikipedia/commons/f/f8/Schachbrett-Schlankcichlide.jpg,,,,
Golden Julie,Julidochromis ornatus,https://upload.wikimedia.org//wikipedia/commons/2/27/Julidochromis_ornatus.jpg,,,,https://en.wikipedia.org//wiki/Julie_cichlid
Julie cichlid,Julidochromis regani,https://upload.wikimedia.org//wikipedia/commons/1/12/Julidochromis_regani_adult.jpg,,,,https://en.wikipedia.org//wiki/Julie_cichlid
Julie cichlid,Julidochromis transcriptus,https://upload.wikimedia.org//wikipedia/commons/a/ac/J_gombe1.jpg,,,,https://en.wikipedia.org//wiki/Julie_cichlid
"Herring cichlid, sardine cichlid",Cyprichromis leptosoma,https://upload.wikimedia.org//wikipedia/commons/0/07/Cyprichromis_leptosoma.jpg,,,,
"Lyretail cichlid, fairy cichlid",Neolamprologus brichardi,https://upload.wikimedia.org//wikipedia/commons/3/3b/Neolamprologus_brichardi.jpg,,,,
Lemon cichlid,Neolamprologus leleupi,https://upload.wikimedia.org//wikipedia/commons/3/33/Neolamprologus_leleupi_2.jpg,,,,
Featherfin,Ophthalmotilapia ventralis,,,,,
Zebra obliquidens,Astatotilapia latifasciata,,,,,https://en.wikipedia.org//wiki/Astatotilapia_latifasciata
Allauad's haplo,Astatoreochromis alluaudi,https://upload.wikimedia.org//wikipedia/commons/5/58/Astatoreochromis-alluaudi-LakeRweru-GB.jpg,,,,https://en.wikipedia.org//wiki/Astatoreochromis_alluaudi
Hippo Point Salmon,"Ptyochromis sp. ""Hippo Point Salmon""",,,,,
Flameback,Pundamilia nyererei,https://upload.wikimedia.org//wikipedia/commons/7/7f/Pundamilia_%28Haplochromis%29_nyererei_male.jpg,,,,https://en.wikipedia.org//wiki/Pundamilia_nyererei
African butterfly cichlid,Anomalochromis thomasi,https://upload.wikimedia.org//wikipedia/commons/c/c7/Anomalochromis_thomasi_2.jpg,,,,https://en.wikipedia.org//wiki/Anomalochromis_thomasi
"Jewel cichlid, two-spotted jewel cichlid",Hemichromis bimaculatus,https://upload.wikimedia.org//wikipedia/commons/3/30/Hemichromis_bimaculatus1.jpg,,,,https://en.wikipedia.org//wiki/Hemichromis_bimaculatus
Lionhead cichlid,Steatocranus casuarius,https://upload.wikimedia.org//wikipedia/commons/d/df/Steatocranus_casuarius.jpg,,,,https://en.wikipedia.org//wiki/Steatocranus_casuarius
"Lifalili jewel cichlid, blood-red jewel cichlid",Hemichromis lifalili,https://upload.wikimedia.org//wikipedia/commons/b/bc/Cichlidae_-_Hemichromis_lifalili.JPG,,,,
"Kribensis, krib",Pelvicachromis pulcher,https://upload.wikimedia.org//wikipedia/commons/6/64/Pelvicachromis_pulcher_%28male%29.jpg,,,,
"Kribensis, krib, many common names because of many subspecies
","Pelvicachromis taeniatus
",https://upload.wikimedia.org//wikipedia/commons/c/c5/Pelvicachromis_taeniatus.JPG,,,,
Guenther's Mouthbrooder,Chromidotilapia guentheri,https://upload.wikimedia.org//wikipedia/commons/6/63/Chromidotilapia_guntheri_Bama_BF_cpl_fry2.jpg,,,,https://en.wikipedia.org//wiki/Chromidotilapia_guentheri
Agassiz's dwarf cichlid,Apistogramma agassizii,https://upload.wikimedia.org//wikipedia/commons/d/d9/Apistogramma_Agassizii.jpg,,,,
Zebra acara,Nannacara adoketa,https://upload.wikimedia.org//wikipedia/commons/8/84/Ivanacara_adoketa5265.jpg,,,,https://en.wikipedia.org//wiki/Nannacara_adoketa
Yellow dwarf cichlid,Apistogramma borellii,https://upload.wikimedia.org//wikipedia/commons/1/1b/Apistogramma_borellii.jpg,,,,
Cockatoo dwarf cichlid,Apistogramma cacatuoides,https://upload.wikimedia.org//wikipedia/commons/f/ff/Cacatuoides.JPG,,,,
Panda dwarf cichlid,Apistogramma nijsseni,https://upload.wikimedia.org//wikipedia/commons/2/2e/Apistogramma_nijsseni_%28f%29.jpg,,,,
Three-Stripe Dwarf Cichlid,Apistogramma trifasciata,https://upload.wikimedia.org//wikipedia/commons/8/86/Apistogramma_trifasciata.jpg,,,,
Two-Stripe Dwarf Cichlid,Apistogramma bitaeniata,https://upload.wikimedia.org//wikipedia/commons/2/2d/Apistogramma_bitaeniata.jpg,,,,https://en.wikipedia.org//wiki/Apistogramma_bitaeniata
Checkerboard Cichlid,Dicrossus filamentosus,https://upload.wikimedia.org//wikipedia/commons/0/0b/Dicrossus_filamentosus_male.png,,,,
"Blue ram, German ram",Mikrogeophagus ramirezi,https://upload.wikimedia.org//wikipedia/commons/0/06/Antennebaarsje.jpg,,,,https://en.wikipedia.org//wiki/Mikrogeophagus_ramirezi
Bolivian ram,Mikrogeophagus altispinosa,https://upload.wikimedia.org//wikipedia/commons/a/a3/Male_altispinosa_dwarf_cichlid_%283229597033%29.jpg,,,,https://en.wikipedia.org//wiki/Mikrogeophagus_altispinosa
Dwarf flag cichlid,Laetacara curviceps,https://upload.wikimedia.org//wikipedia/commons/1/13/Laetacara_curviceps.jpg,,,,
"Midas cichild, red devil cichlid",Amphilophus citrinellus,https://upload.wikimedia.org//wikipedia/commons/d/d9/D%C3%A4hlh%C3%B6lzli_-_Zitronen_Buntbarsch_3.jpg,,,,
Poor man's tropheus,Hypsophrys nematopus,https://upload.wikimedia.org//wikipedia/commons/5/51/Neetroplus_nematopus.png,,,,https://en.wikipedia.org//wiki/Hypsophrys_nematopus
Red devil cichlid,Amphilophus labiatus,https://upload.wikimedia.org//wikipedia/commons/9/96/Amphilophus_labiatum%2C_weiblich.jpg,,,,
Firemouth cichlid,Cichlasoma meeki,https://upload.wikimedia.org//wikipedia/commons/f/f4/Feuermaulbuntbarsch.jpg,,,,https://en.wikipedia.org//wiki/Cichlasoma_meeki
Jack Dempsey cichlid,Rocio octofasciata,https://upload.wikimedia.org//wikipedia/commons/7/74/Cichlasoma_octofasciata.jpg,,,,https://en.wikipedia.org//wiki/Rocio_octofasciata
"Jaguar cichlid, managuense cichlid",Parachromis managuensis,https://upload.wikimedia.org//wikipedia/commons/c/c4/Parachromis_managuensis_2012_G1.jpg,,,,
Mayan cichlid,Mayaheros urophthalmus,https://upload.wikimedia.org//wikipedia/commons/8/8f/Mayan10a.jpg,,,,
Convict cichlid,Archocentrus nigrofasciatus,https://upload.wikimedia.org//wikipedia/commons/6/6c/Archocentrus_nigrofasciatus_female.jpg,,,,https://en.wikipedia.org//wiki/Archocentrus_nigrofasciatus
T-bar cichlid,Amatitlania sajica,,,,,
Wolf cichlid,Parachromis dovii,https://upload.wikimedia.org//wikipedia/commons/3/30/Parachromis_dovii_guapote.JPG,,,,
"Texas cichlid, Rio Grande cichlid",Herichthys cyanoguttatus,https://upload.wikimedia.org//wikipedia/commons/2/25/Herichthys_cyanoguttatum_%28Rio_Grande_Cichlid%29.jpg,,,,https://en.wikipedia.org//wiki/Herichthys_cyanoguttatus
Severum,Heros efasciatus,https://upload.wikimedia.org//wikipedia/commons/8/8a/Heros_severus.JPG,,,,
Green terror,Andinoacara rivulatus,https://upload.wikimedia.org//wikipedia/commons/7/7c/Andinoacara_rivulatus_-_20061112.jpg,,,,https://en.wikipedia.org//wiki/Andinoacara_rivulatus
Blue acara,Andinoacara pulcher,https://upload.wikimedia.org//wikipedia/commons/7/7d/Aequidens_pulcher.jpg,,,,https://en.wikipedia.org//wiki/Andinoacara_pulcher
Thread-finned acara,Acarichthys heckelii,https://upload.wikimedia.org//wikipedia/commons/7/7b/Acarichthys_heckeli.JPG,,,,https://en.wikipedia.org//wiki/Acarichthys_heckelii
Eartheater cichlid,Geophagus altifrons,https://upload.wikimedia.org//wikipedia/commons/6/62/Cichlidae_-_Geophagus_altifrons.JPG,,,,
"Greenstreaked Eartheater, cupid cichlid",Biotodoma cupido,https://upload.wikimedia.org//wikipedia/commons/7/7e/Biotodoma_cupido.png,,,,
Keyhole cichlid,Cleithracara maronii,https://upload.wikimedia.org//wikipedia/commons/c/c6/Akara_z_Maroni.jpg,,,,https://en.wikipedia.org//wiki/Cleithracara_maronii
Flag cichlid,Mesonauta festivus,https://upload.wikimedia.org//wikipedia/commons/9/9d/Mesonauta_festivus.jpg,,,,
Angelfish,Pterophyllum scalare,https://upload.wikimedia.org//wikipedia/commons/6/6e/Freshwater_angelfish_biodome.jpg,,,,
Altum angelfish,Pterophyllum altum,https://upload.wikimedia.org//wikipedia/commons/8/85/Pterophyllum_altum.jpg,,,,
Spotted angelfish,Pterophyllum leopoldi,https://upload.wikimedia.org//wikipedia/commons/9/94/Pterophyllum_leopoldi.jpg,,,,
"Common discus, red discus",Symphysodon discus,https://upload.wikimedia.org//wikipedia/commons/b/b6/Discus_heckel.jpg,,,,
"Blue discus, green discus",Symphysodon aequifasciatus,https://upload.wikimedia.org//wikipedia/commons/7/76/Blue_Discus.jpg,,,,
Chocolate cichlid,Hypselecara temporalis,https://upload.wikimedia.org//wikipedia/commons/7/76/Hypselecara_temporalis.jpg,,,,https://en.wikipedia.org//wiki/Hypselecara_temporalis
Oscar,Astronotus ocellatus,https://upload.wikimedia.org//wikipedia/commons/1/1b/Astronotus_ocellatus_-_side_%28aka%29.jpg,,,,https://en.wikipedia.org//wiki/Astronotus_ocellatus
"Uaru, waroo",Uaru amphiacanthoides,https://upload.wikimedia.org//wikipedia/commons/d/da/Uaru.jpg,,,,
"Peacock bass, butterfly peacock bass",Cichla orinocensis,https://upload.wikimedia.org//wikipedia/commons/e/ef/Peacock_bass.jpg,,,,
Canara pearlspot,Etroplus canarensis,,,,,https://en.wikipedia.org//wiki/Etroplus_canarensis
Green chromide,Etroplus suratensis,https://upload.wikimedia.org//wikipedia/commons/7/78/Etroplus_suratensis.jpg,,,,https://en.wikipedia.org//wiki/Etroplus_suratensis
Orange chromide,Etroplus maculatus,https://upload.wikimedia.org//wikipedia/commons/8/8d/Etroplus_Maculatus.JPG,,,,https://en.wikipedia.org//wiki/Etroplus_maculatus
Pinstripe damba,Paretroplus menarambo,https://upload.wikimedia.org//wikipedia/commons/e/e2/Cichlidae_-_Paretroplus_menarambo.JPG,,,,
Blood parrot cichlid,(Amphilophus citrinellus × Vieja melanurus),https://upload.wikimedia.org//wikipedia/commons/f/f8/BloodParrot.jpg,,,,
Flowerhorn cichlid,Cichlasoma sp.,https://upload.wikimedia.org//wikipedia/commons/e/e1/Flowerhorn.jpg,,,,
Arulius barb,Dawkinsia arulius,,66 °F to 77 °F (19°-25 °C),"6 – 8
",,https://en.wikipedia.org//wiki/Dawkinsia_arulius
"Bigspot barb, Duncker's barb",Barbodes dunckeri,,72 - 85 °F (22 - 29 °C),"6 - 7
",,https://en.wikipedia.org//wiki/Barbodes_dunckeri
Black ruby barb,Pethia nigrofasciatus,https://upload.wikimedia.org//wikipedia/commons/1/19/Black_Ruby_Barb_700.jpg,,,,
Cherry barb,Puntius titteya,https://upload.wikimedia.org//wikipedia/commons/1/1f/Male_Cherry_Barb_700.jpg,,,,https://en.wikipedia.org//wiki/Puntius_titteya
Clipper barb,Enteromius callipterus,,,,,https://en.wikipedia.org//wiki/Enteromius_callipterus
Clown barb,Barbodes everetti,https://upload.wikimedia.org//wikipedia/commons/c/ca/Clownbarbe_2.jpg,,,,https://en.wikipedia.org//wiki/Barbodes_everetti
"Denison's barb, red line torpedo barb",Sahyadria denisonii,https://upload.wikimedia.org//wikipedia/commons/c/c5/Puntius_denisonii_1.jpg,,,,https://en.wikipedia.org//wiki/Sahyadria_denisonii
Gold barb,Barbodes semifasciolatus,https://upload.wikimedia.org//wikipedia/commons/d/d9/Brokat.jpg,,,,https://en.wikipedia.org//wiki/Barbodes_semifasciolatus
Golden barb,Pethia gelius,,,,,https://en.wikipedia.org//wiki/Pethia_gelius
Greenstripe barb,Puntius vittatus,,,,,https://en.wikipedia.org//wiki/Puntius_vittatus
Indian Glass Barb,Laubuka laubuca,,,,,
Melon barb,Puntius fasciatus,,,,,https://en.wikipedia.org//wiki/Puntius_fasciatus
Odessa barb,Puntius padamya,https://upload.wikimedia.org//wikipedia/commons/b/b2/Puntius_Padamya.jpg,,,,https://en.wikipedia.org//wiki/Puntius_padamya
Onespot barb,Puntius terio,,,,,https://en.wikipedia.org//wiki/Puntius_terio
Panda barb,Puntius fasciatus,https://upload.wikimedia.org//wikipedia/commons/2/20/Pandabarben.jpg,,,,https://en.wikipedia.org//wiki/Puntius_fasciatus
Pool barb,Puntius sophore,https://upload.wikimedia.org//wikipedia/commons/6/6e/Puntius_sophore_2.jpg,,,,https://en.wikipedia.org//wiki/Puntius_sophore
Partipentazona barb,Puntigrus partipentazona,https://upload.wikimedia.org//wikipedia/commons/6/6e/Puntius_partipentazona_FOWLER.jpg,,,,
Rosy barb,Pethia conchonius,https://upload.wikimedia.org//wikipedia/en/0/0d/Male_Rosy_Barb.gif,,,,https://en.wikipedia.org//wiki/Pethia_conchonius
Shortfin barb,Barbus brevipinnis,,,,,https://en.wikipedia.org//wiki/Barbus_brevipinnis
Snakeskin barb,Desmopuntius rhomboocellatus,https://upload.wikimedia.org//wikipedia/commons/e/e4/Puntius_rhomboocellatus.jpg,,,,
"Spottedsail barb, dwarf barb",Pethia phutunio,,,,,https://en.wikipedia.org//wiki/Pethia_phutunio
Swamp barb,Puntius chola,https://upload.wikimedia.org//wikipedia/commons/8/8b/Puntius_chola.jpg,,,,https://en.wikipedia.org//wiki/Puntius_chola
Ticto barb,Barbus ticto,,,,,https://en.wikipedia.org//wiki/Barbus_ticto
Tic-tac-toe barb,Puntius stoliczkanus,https://upload.wikimedia.org//wikipedia/commons/2/2c/PuntiusStoliczkanus.jpg,,,,https://en.wikipedia.org//wiki/Puntius_stoliczkanus
"Tiger barb, sumatra barb",Puntius tetrazona,https://upload.wikimedia.org//wikipedia/commons/4/44/Tigerbarbe_Puntius_tetrazona.jpg,,,,https://en.wikipedia.org//wiki/Puntius_tetrazona
"Spanner barb, t-barb",Barbodes lateristriga,https://upload.wikimedia.org//wikipedia/commons/e/e0/Puntius_lateristriga.jpg,,,,https://en.wikipedia.org//wiki/Barbodes_lateristriga
"Fiveband barb, pentazona barb",Desmopuntius hexazona,https://upload.wikimedia.org//wikipedia/commons/e/ea/Desmopuntius_hexazona.jpg,,,,https://en.wikipedia.org//wiki/Desmopuntius_hexazona
Checker barb,Oliotius oligolepis,https://upload.wikimedia.org//wikipedia/commons/7/77/Puntius_oligolepis.jpg,,,,https://en.wikipedia.org//wiki/Oliotius_oligolepis
Tinfoil barb,Barbonymus schwanenfeldii,https://upload.wikimedia.org//wikipedia/commons/1/18/Tinfoil_barbs_01.jpg,,,,https://en.wikipedia.org//wiki/Barbonymus_schwanenfeldii
Bala shark,Balantiocheilus melanopterus,https://upload.wikimedia.org//wikipedia/commons/9/91/Balantiocheilos_melanopterus.JPG,,,,https://en.wikipedia.org//wiki/Balantiocheilus_melanopterus
Black shark,Labeo chrysophekadion,https://upload.wikimedia.org//wikipedia/commons/c/c5/Black_Sharkminnow_%28Labeo_chrysophekadion%29_%288683050709%29.jpg,,,,https://en.wikipedia.org//wiki/Labeo_chrysophekadion
"Siamese algae eater, fringe barb",Crossocheilus oblongus,https://upload.wikimedia.org//wikipedia/commons/1/17/Crossocheilus_siamensis.jpg,,,,https://en.wikipedia.org//wiki/Crossocheilus_oblongus
Flying fox (fish),Epalzeorhynchos kalopterus,https://upload.wikimedia.org//wikipedia/commons/d/de/Epalzeorhynchos_kalopterus.jpg,,,,https://en.wikipedia.org//wiki/Epalzeorhynchos_kalopterus
Red-tailed black shark,Epalzeorhynchos bicolor,https://upload.wikimedia.org//wikipedia/commons/5/51/Epalzeorhynchos_bicolor.jpg,,,,https://en.wikipedia.org//wiki/Epalzeorhynchos_bicolor
Rainbow shark,Epalzeorhynchos frenatum,https://upload.wikimedia.org//wikipedia/commons/b/b1/Fransenlipper.JPG,,,,https://en.wikipedia.org//wiki/Epalzeorhynchos_frenatum
"Cambodian log sucker, false Siamese algae eater",Garra cambodgiensis,https://upload.wikimedia.org//wikipedia/commons/8/81/Crossocheilus_siamensis_pl.jpg,,,,https://en.wikipedia.org//wiki/Garra_cambodgiensis
algae eater,Gyrinocheilus aymonieri,https://upload.wikimedia.org//wikipedia/commons/e/e8/Chinese_algae_eater.jpg,,,,
Espei rasbora,Trigonostigma espei,,,,,https://en.wikipedia.org//wiki/Trigonostigma_espei
Harlequin rasbora,Trigonostigma heteromorpha,https://upload.wikimedia.org//wikipedia/commons/6/63/Trigonostigma_heteromorpha1.jpg,,,,https://en.wikipedia.org//wiki/Trigonostigma_heteromorpha
Glowlight rasbora,Trigonostigma hengeli,https://upload.wikimedia.org//wikipedia/commons/c/ce/Trigonostigma_hengeli.jpg,,,,https://en.wikipedia.org//wiki/Trigonostigma_hengeli
Red-striped rasbora,Trigonopoma pauciperforata,https://upload.wikimedia.org//wikipedia/commons/6/6a/Trigonopoma_pauciperforatum_female.png,"22–29 °C (72–84 °F)
",,,https://en.wikipedia.org//wiki/Trigonopoma_pauciperforata
Dwarf rasbora,Boraras maculatus,https://upload.wikimedia.org//wikipedia/commons/d/d7/Boraras_Maculata.jpg,,,,https://en.wikipedia.org//wiki/Boraras_maculatus
Eyespot rasbora,Brevibora dorsiocellata,https://upload.wikimedia.org//wikipedia/commons/d/dc/Rasbora_dorsiocellata.jpg,,,,https://en.wikipedia.org//wiki/Brevibora_dorsiocellata
Brilliant rasbora,Rasbora einthovenii,https://upload.wikimedia.org//wikipedia/commons/0/05/Rasbora_einthovenii.jpg,,,,https://en.wikipedia.org//wiki/Rasbora_einthovenii
Clown rasbora,Rasbora kalochroma,https://upload.wikimedia.org//wikipedia/commons/9/9b/Rasbora_kalochroma.jpg,,,,https://en.wikipedia.org//wiki/Rasbora_kalochroma
Scissortail rasbora,Rasbora trilineata,https://upload.wikimedia.org//wikipedia/commons/2/26/Rasbora_trilineata.jpg,,,,
Volcano rasbora,Rasbora vulcanus,https://upload.wikimedia.org//wikipedia/commons/a/a1/Rasbora_vulcanus_pair.png,,,,
"Blackline rasbora, red-tailed rasbora",Rasbora borapetensis,https://upload.wikimedia.org//wikipedia/commons/2/26/Redtail.JPG,,,,https://en.wikipedia.org//wiki/Rasbora_borapetensis
Pearl danio,Danio albolineatus,https://upload.wikimedia.org//wikipedia/commons/0/0d/Danio_albolineatus.jpg,,,,https://en.wikipedia.org//wiki/Danio_albolineatus
"Bengal danio, Sind danio",Devario devario,,,,,https://en.wikipedia.org//wiki/Devario_devario
Giant danio,Devario aequipinnatus,https://upload.wikimedia.org//wikipedia/commons/8/81/Devario_aequipinnatus.JPG,,,,https://en.wikipedia.org//wiki/Devario_aequipinnatus
Malabar danio,Devario malabaricus,https://upload.wikimedia.org//wikipedia/commons/1/1c/Danio_sp.jpg,,,,https://en.wikipedia.org//wiki/Devario_malabaricus
Queen danio,Devario regina,,,,,https://en.wikipedia.org//wiki/Devario_regina
Spotted danio,Danio nigrofasciatus,https://upload.wikimedia.org//wikipedia/commons/7/7e/Danio_nigrofasciatus.jpg,,,,https://en.wikipedia.org//wiki/Danio_nigrofasciatus
Turquoise danio,Danio kerri,https://upload.wikimedia.org//wikipedia/commons/e/e5/Danio_kerri.jpg,,,,https://en.wikipedia.org//wiki/Danio_kerri
Zebra danio,Danio rerio,https://upload.wikimedia.org//wikipedia/commons/a/ac/Zebrafisch.jpg,,,,https://en.wikipedia.org//wiki/Danio_rerio
Goldfish,Carassius auratus,https://upload.wikimedia.org//wikipedia/commons/e/e9/Goldfish3.jpg,,,,https://en.wikipedia.org//wiki/Carassius_auratus
"Koi, common carp",Cyprinus carpio,https://upload.wikimedia.org//wikipedia/commons/1/10/Ojiya_Nishikigoi_no_Sato_ac_%283%29.jpg,,,,https://en.wikipedia.org//wiki/Cyprinus_carpio
Bitterling,Rhodeus amarus,https://upload.wikimedia.org//wikipedia/commons/f/fd/Rhodeus_amarus_2008_G1.jpg,,,,https://en.wikipedia.org//wiki/Rhodeus_amarus
White Cloud Mountain minnow,Tanichthys albonubes,https://upload.wikimedia.org//wikipedia/commons/c/c8/White_Cloud_Mountain_Minnow_1.jpg,,,,https://en.wikipedia.org//wiki/Tanichthys_albonubes
Red shiner,Cyprinella lutrensis,https://upload.wikimedia.org//wikipedia/commons/e/e8/Red_shiner.JPG,,,,https://en.wikipedia.org//wiki/Cyprinella_lutrensis
Common dace,Leuciscus leuciscus,https://upload.wikimedia.org//wikipedia/commons/f/f1/Leuciscus_leuciscus.jpg,"39 to 72 °F (4 to 22 °C)
","6.0 to 8.0
",,https://en.wikipedia.org//wiki/Leuciscus_leuciscus
"Rosy red minnow, fathead minnow",Pimephales promelas,https://upload.wikimedia.org//wikipedia/commons/9/92/Rosy_Red_Minnows_fullsize.jpg,"10–21 °C (50–70 °F)
","7.0 - 7.5
",,https://en.wikipedia.org//wiki/Pimephales_promelas
Rainbow shiner,Notropis chrosomus,https://upload.wikimedia.org//wikipedia/commons/a/a7/Rainbow_Shiner.jpg,,,,https://en.wikipedia.org//wiki/Notropis_chrosomus
European minnow,Phoxinus phoxinus,https://upload.wikimedia.org//wikipedia/commons/4/41/Phoxinus.jpg,,,,https://en.wikipedia.org//wiki/Phoxinus_phoxinus
Southern redbelly dace,Phoxinus erythrogaster,https://upload.wikimedia.org//wikipedia/commons/0/02/Phoxinus_erythrogaster.jpg,,,,https://en.wikipedia.org//wiki/Phoxinus_erythrogaster
Tench,Tinca tinca,https://upload.wikimedia.org//wikipedia/commons/f/fb/Tinca_tinca_Prague_Vltava_2.jpg,,,,https://en.wikipedia.org//wiki/Tinca_tinca
Golden orfe,Leuciscus idus,https://upload.wikimedia.org//wikipedia/commons/c/cd/LeuciscusIdusWindeIde56cm_21-4-2009_16-46-58.JPG,,,,https://en.wikipedia.org//wiki/Leuciscus_idus
Chinese high fin banded shark,Myxocyprinus asiaticus,https://upload.wikimedia.org//wikipedia/commons/b/b4/Myxocyprinus_asiaticus_by_OpenCage.jpg,,,,https://en.wikipedia.org//wiki/Myxocyprinus_asiaticus
Saddle-back Loach,Homaloptera orthogoniata ,,,,,
Fork-tailed loach,Vaillantella maassi,,,,,
Horseface loach,Acantopsis dialuzona,https://upload.wikimedia.org//wikipedia/commons/4/49/Acantopsis_choirorhynchos.JPG,,,,
"Weather Loach[30]
","Misgurnus anguillicaudatus[31]
",,,,,
"Kuhli loach, coolie loach",Pangio kuhlii,https://upload.wikimedia.org//wikipedia/commons/0/0a/Kuhli_loaches.jpg,,,,https://en.wikipedia.org//wiki/Pangio_kuhlii
Java loach,Pangio oblonga,https://upload.wikimedia.org//wikipedia/commons/a/ab/Pangio_oblonga_acquarium.jpg,,"6.2 to 7.0
",,https://en.wikipedia.org//wiki/Pangio_oblonga
Clown loach,Chromobotia macracanthus,https://upload.wikimedia.org//wikipedia/commons/d/d6/2015-09-13-223-Tiger-loach.jpg,,,,https://en.wikipedia.org//wiki/Chromobotia_macracanthus
Green tiger loach,Syncrossus hymenophysa,,,,,
Banded tiger loach,Syncrossus helodes,https://upload.wikimedia.org//wikipedia/commons/e/e4/Syncrossus_helodes.jpg,,,,
Redfin tiger loach,Syncrossus berdmorei,https://upload.wikimedia.org//wikipedia/commons/a/ad/Syncrossus_berdmorei.jpg,,,,
Dwarf botia,Ambastaia sidthimunki,https://upload.wikimedia.org//wikipedia/commons/9/9b/Schachbrettschmerle.jpg,,,,https://en.wikipedia.org//wiki/Ambastaia_sidthimunki
Yoyo loach,Botia almorhae,https://upload.wikimedia.org//wikipedia/commons/9/9d/Yoyo_Loach.jpg,,,,https://en.wikipedia.org//wiki/Botia_almorhae
Bengal loach,Botia dario,https://upload.wikimedia.org//wikipedia/commons/0/05/Botia_dario.jpg,,,,
Polka-Dot Loach,Botia kubotai,https://upload.wikimedia.org//wikipedia/commons/4/42/Botia_kubotai2.jpg,,,,https://en.wikipedia.org//wiki/Botia_kubotai
Gangetic loach,Botia rostrata,,,,,
Zebra loach,Botia striata,https://upload.wikimedia.org//wikipedia/commons/1/18/Botia_striata.jpg,,,,https://en.wikipedia.org//wiki/Botia_striata
Redtail loach,Yasuhikotakia modesta,https://upload.wikimedia.org//wikipedia/commons/8/8e/Yasuhikotakia_modesta.jpg,,,,
Skunk loach,Yasuhikotakia morleti,https://upload.wikimedia.org//wikipedia/commons/3/33/Yasuhikotakia_morleti.jpg,,,,https://en.wikipedia.org//wiki/Yasuhikotakia_morleti
Borneo hillstream loach,Gastromyzon sp.,https://upload.wikimedia.org//wikipedia/commons/d/d7/Gastromyzon_fasciatus.jpg,,,,
Tiger hillstream loach,Sewellia lineolata,https://upload.wikimedia.org//wikipedia/commons/2/2e/Hillstream_Loach.JPG,,,,
Butterfly hillstream loach,Beaufortia kweichowensis,https://upload.wikimedia.org//wikipedia/commons/1/1c/Beaufortia_kweichowensis.jpg,,,,
Guppy,Poecilia reticulata,https://upload.wikimedia.org//wikipedia/commons/a/a6/Guppy_red_male.jpg,"66°F - 84°F (19°C - 29°C)
","7 - 8
",,https://en.wikipedia.org//wiki/Poecilia_reticulata
Endler's livebearer,Poecilia wingei,https://upload.wikimedia.org//wikipedia/commons/8/8d/Poecilia_reticulata_01.jpg,,,,
Black molly,Poecilia sphenops,https://upload.wikimedia.org//wikipedia/commons/6/61/Black_molly1.JPG,,,,
Sailfin molly,Poecilia latipinna,https://upload.wikimedia.org//wikipedia/commons/1/16/Poecilia_latipinna.jpg,,,,https://en.wikipedia.org//wiki/Poecilia_latipinna
Dalmatian molly,hybrid,https://upload.wikimedia.org//wikipedia/commons/b/b0/DalmationMolly.jpg,,,,https://en.wikipedia.org//wiki/Poecilia_latipinna
Lyretail Molly,hybrid,https://upload.wikimedia.org//wikipedia/commons/6/69/LyretailMolly.jpg,,,,
"Platies and swordtails
",,,,,,
Southern platy,Xiphophorus maculatus,https://upload.wikimedia.org//wikipedia/commons/1/1e/Xiphophorus_maculatus.jpg,,,,https://en.wikipedia.org//wiki/Xiphophorus_maculatus
Variable platy,Xiphophorus variatus,https://upload.wikimedia.org//wikipedia/commons/3/3d/Papagaienplaty.jpg,,,,https://en.wikipedia.org//wiki/Xiphophorus_variatus
Green swordtail,Xiphophorus hellerii,https://upload.wikimedia.org//wikipedia/commons/1/14/Xiphophorus_helleri_03.jpg,,,,https://en.wikipedia.org//wiki/Xiphophorus_hellerii
Largescale four-eyed fish,Anableps anableps,https://upload.wikimedia.org//wikipedia/commons/a/ab/Anableps_anableps_qtl1.jpg,,,,
Pike topminnow,Belonesox belizanus,https://upload.wikimedia.org//wikipedia/commons/0/03/Belonesox_belizanus_Aquarium_tropical_du_Palais_de_la_Porte_Dor%C3%A9e_10_04_2016.jpg,,,,https://en.wikipedia.org//wiki/Belonesox_belizanus
Cuban lima,Limia vittata,https://upload.wikimedia.org//wikipedia/commons/3/39/Limia_vittata.jpg,,,,https://en.wikipedia.org//wiki/Limia_vittata
Knife livebearer,Alfaro cultratus,https://upload.wikimedia.org//wikipedia/commons/c/cf/Alfaro_cultratus.jpg,,,,
Least killifish,Heterandria formosa,https://upload.wikimedia.org//wikipedia/commons/8/89/Dwarf_Livebearer_or_Least_Killifish_%28Heterandria_formosa%29.jpg,,,,
Tanganyika killifish,Lamprichthys tanganicanus,https://upload.wikimedia.org//wikipedia/commons/6/6c/Lamprichthys_tanganicanus.JPG,,,,https://en.wikipedia.org//wiki/Lamprichthys_tanganicanus
Norman's lampeye,Poropanchax normani,https://upload.wikimedia.org//wikipedia/commons/1/17/Aplocheilichthys_normani_3.jpg,,,,
Celebes halfbeak,Nomorhamphus liemi,https://upload.wikimedia.org//wikipedia/commons/5/56/Nomorhamphus_liemi_liemi_%28Wroclaw_zoo%29-2.JPG,,,,
Wrestling halfbeak,Dermogenys pusilla,https://upload.wikimedia.org//wikipedia/commons/b/b1/Dermogenys_pusilla.jpg,,,,https://en.wikipedia.org//wiki/Dermogenys_pusilla
Forest halfbeak,Hemirhamphodon pogonognathus,https://upload.wikimedia.org//wikipedia/commons/c/cc/Hemirhamphodon_pogonognathus02.jpg,,,,
Blue Lyretail,Fundulopanchax gardneri,https://upload.wikimedia.org//wikipedia/commons/6/65/Fundulopanchax_gardneri.png,,,,https://en.wikipedia.org//wiki/Fundulopanchax_gardneri
"Clown Killifish, rocket killifish",Epiplatys annulatus,https://upload.wikimedia.org//wikipedia/commons/8/82/Epiplaty_annulatus_-_Panchax_%C3%A0_bandes.jpg,,,,https://en.wikipedia.org//wiki/Epiplatys_annulatus
"Bluefin Notho, Rachow's Notho, Rainbow Notho",Nothobranchius rachovii,https://upload.wikimedia.org//wikipedia/commons/7/72/Nothobranchius_rachovii_male.jpg,,,,
"Striped panchax, Golden Wonder",Aplocheilus lineatus,https://upload.wikimedia.org//wikipedia/commons/5/53/Hechtlinge.jpg,,,,
American Flagfish,Jordanella floridae,https://upload.wikimedia.org//wikipedia/commons/d/d8/Jordanella_floridae.jpg,,,,https://en.wikipedia.org//wiki/Jordanella_floridae
Argentine Pearl,Austrolebias nigripinnis,https://upload.wikimedia.org//wikipedia/commons/1/1d/Austrolebias_nigripinnis992.jpg,,,,
Golden Toppminnow,Fundulus chrysotus,https://upload.wikimedia.org//wikipedia/commons/3/3d/Fundulus_chrysotus.jpg,,,,https://en.wikipedia.org//wiki/Fundulus_chrysotus
Northern Studfish,Fundulus catenatus,https://upload.wikimedia.org//wikipedia/commons/2/25/Fundulus_catenatus.jpg,,,,https://en.wikipedia.org//wiki/Fundulus_catenatus
Red-seam Killifish,Aphyosemion calliurum,,,,,
Arabian Killifish,Aphanius dispar,,,,,https://en.wikipedia.org//wiki/Aphanius_dispar
Dwarf gourami,Trichogaster lalius,https://upload.wikimedia.org//wikipedia/commons/d/d6/Colisa_lalia.jpg,,,,https://en.wikipedia.org//wiki/Colisa_lalia
Paradise fish,Macropodus opercularis,https://upload.wikimedia.org//wikipedia/commons/9/95/Paradise_fish_female_and_male_02.jpg,,,,https://en.wikipedia.org//wiki/Macropodus_opercularis
"Pygmy gourami, Sparkling gourami",Trichopsis pumila,https://upload.wikimedia.org//wikipedia/commons/2/20/Trichopsis_pumila.jpg,,,,https://en.wikipedia.org//wiki/Trichopsis_pumila
Moonlight gourami,Trichopodus microlepis,https://upload.wikimedia.org//wikipedia/commons/f/f3/Trichogaster_microlepis.jpg,,,,https://en.wikipedia.org//wiki/Trichopodus_microlepis
Snakeskin gourami,Trichopodus pectoralis,https://upload.wikimedia.org//wikipedia/commons/d/d4/Snakeskin_gourami.jpg,,,,https://en.wikipedia.org//wiki/Trichopodus_pectoralis
"Siamese fighting fish (sometimes Betta, esp. US)",Betta splendens,https://upload.wikimedia.org//wikipedia/commons/b/b8/Kampffisch_betta_splendenscele4.jpg,,,,https://en.wikipedia.org//wiki/Betta_splendens
Malay combtail,Belontia hasselti,https://upload.wikimedia.org//wikipedia/commons/b/b0/Belont_hasselt_100523-1755_sap.JPG,,,,
Slender betta,Betta bellica,,,,,
Scarlet betta,Betta coccina,https://upload.wikimedia.org//wikipedia/commons/8/8b/Betta_coccina_%22Jambi-Sumatra%22.JPG,,,,
Crescent betta,Betta imbellis,https://upload.wikimedia.org//wikipedia/commons/1/19/Betta_imbellis_%28male%29_20100512_2.jpg,,,,https://en.wikipedia.org//wiki/Betta_imbellis
Toba betta,Betta rubra,,,,,https://en.wikipedia.org//wiki/Betta_rubra
Giant Pikehead,Luciocephalus pulcher,https://upload.wikimedia.org//wikipedia/commons/6/6f/Luciocephalus_pulcher_%28Gray%2C_1830%29.jpg,,,,
Chocolate gourami,Sphaerichthys osphromenoides,https://upload.wikimedia.org//wikipedia/commons/f/f6/Sphaerichthys_breeding.jpg,,,,https://en.wikipedia.org//wiki/Sphaerichthys_osphromenoides
Pearl gourami,Trichopodus leerii,https://upload.wikimedia.org//wikipedia/commons/6/68/Fadenfisch_mosaik_m%C3%A4nnlich.jpg,,,,https://en.wikipedia.org//wiki/Trichopodus_leerii
Three spot gourami,Trichopodus trichopterus,https://upload.wikimedia.org//wikipedia/commons/2/2a/Fadenfisch_blau_m%C3%A4nnlich_%282010%29_2.jpg,,,,https://en.wikipedia.org//wiki/Trichopodus_trichopterus
Croaking gourami,Trichopsis vittata,https://upload.wikimedia.org//wikipedia/commons/8/81/Trichopsis_vittata_LCK_8707.JPG,,,,https://en.wikipedia.org//wiki/Trichopsis_vittata
Giant gourami,Osphronemus goramy,https://upload.wikimedia.org//wikipedia/commons/2/21/Giant.gourami.arp.jpg,,,,https://en.wikipedia.org//wiki/Osphronemus_goramy
Kissing gourami,Helostoma temminckii,https://upload.wikimedia.org//wikipedia/commons/5/55/Helostoma_temminkii_01.jpg,,,,https://en.wikipedia.org//wiki/Helostoma_temminckii
Climbing perch,Anabas testudineus,https://upload.wikimedia.org//wikipedia/commons/e/ec/Pla_mo-Thailand25.JPG,,,,
Leopard bush fish,Ctenopoma acutirostre,https://upload.wikimedia.org//wikipedia/commons/2/26/Ctenopoma_acutirostre_1.JPG,,,,https://en.wikipedia.org//wiki/Ctenopoma_acutirostre
African leaffish,Polycentropsis abbreviata,,,,,https://en.wikipedia.org//wiki/Polycentropsis_abbreviata
Bornean leaffish,Nandus nebulosus,,,,,
Malayan leaffish,Pristolepis fasciata,https://upload.wikimedia.org//wikipedia/commons/7/7d/Pristol_fasci_100614-3518_awr.JPG,,,,
Forest snakehead,Channa lucius,https://upload.wikimedia.org//wikipedia/commons/8/89/Channa_lucius_2.jpg,,,,https://en.wikipedia.org//wiki/Channa_lucius
Dwarf snakehead,Channa gachua,https://upload.wikimedia.org//wikipedia/commons/d/d2/Channa_gachua_TH203_-_W004.jpg,,,,
Emperor snakehead,Channa marulioides,,,,,
Giant snakehead,Channa micropeltes,https://upload.wikimedia.org//wikipedia/commons/3/3b/Channa_micropeltes%2C.jpg,,,,
Ocellated snakehead,Channa pleurophthalma,https://upload.wikimedia.org//wikipedia/commons/b/b7/Channidae_-_Channa_pleurophthalma.JPG,,,,
African snakehead,Parachanna obscura,https://upload.wikimedia.org//wikipedia/commons/f/fd/Parachanna_obscura_-_Aqua_Porte_Dor%C3%A9e_11.JPG,,,,https://en.wikipedia.org//wiki/Parachanna_obscura
Red rainbowfish,Glossolepis incisus,https://upload.wikimedia.org//wikipedia/commons/2/24/GlossolepisIncisus.JPG,,,,https://en.wikipedia.org//wiki/Glossolepis_incisus
Lake Wanam rainbowfish,Glossolepis wanamensis,https://upload.wikimedia.org//wikipedia/commons/d/dc/Glossolepis_wanamensis.jpg,,,,https://en.wikipedia.org//wiki/Glossolepis_wanamensis
Threadfin rainbowfish,Iriatherina werneri,https://upload.wikimedia.org//wikipedia/commons/a/ad/Iriatherina_Werneri-Yellow_Finned_Male.jpg,,,,https://en.wikipedia.org//wiki/Iriatherina_werneri
New Guinea rainbowfish,Melanotaenia affinis,,,,,
Western rainbowfish,Melanotaenia australis,https://upload.wikimedia.org//wikipedia/commons/d/da/300_Melanotaenia_australis_Western_rainbowfish_Mitchell_River_NP_VIII-2013.jpg,,,,
Boeseman's rainbowfish,Melanotaenia boesemani,https://upload.wikimedia.org//wikipedia/commons/1/1b/Sunny1.jpg,,,,https://en.wikipedia.org//wiki/Melanotaenia_boesemani
Duboulayi's rainbowfish,Melanotaenia duboulayi,https://upload.wikimedia.org//wikipedia/commons/6/62/M_duboulayi.jpg,,,,
Australian rainbowfish,Melanotaenia fluviatilis,https://upload.wikimedia.org//wikipedia/commons/3/34/Australian_rainbow.jpg,,,,
Lake Tebera rainbowfish,Melanotaenia herbertaxelrodi,https://upload.wikimedia.org//wikipedia/commons/b/b4/Regenbogenfisch_im_Zooaquarium_Berlin.jpg,,,,https://en.wikipedia.org//wiki/Melanotaenia_herbertaxelrodi
Lake Kutubu rainbowfish,Melanotaenia lacustris,https://upload.wikimedia.org//wikipedia/commons/3/3b/Melanotaenia_lacustris_thomnight_001.jpg,,,,https://en.wikipedia.org//wiki/Melanotaenia_lacustris
Lake Kurumoi rainbowfish,Melanotaenia parva,https://upload.wikimedia.org//wikipedia/commons/3/37/Melanotaenia_parva_male.jpg,,,,https://en.wikipedia.org//wiki/Melanotaenia_parva
Neon rainbowfish,Melanotaenia praecox,https://upload.wikimedia.org//wikipedia/commons/9/9d/Dwarf_neon_rainbows.jpg,,,,https://en.wikipedia.org//wiki/Melanotaenia_praecox
Eastern rainbowfish,Melanotaenia splendida splendida,https://upload.wikimedia.org//wikipedia/commons/a/a1/Eastern_Rainbowfish_01.jpg,,,,https://en.wikipedia.org//wiki/Melanotaenia_splendida_splendida
Banded rainbowfish,Melanotaenia trifasciata,https://upload.wikimedia.org//wikipedia/commons/3/3b/Banded_rainbowfish_Melanotaenia_trifasciata.jpg,,,,https://en.wikipedia.org//wiki/Melanotaenia_trifasciata
Celebes rainbow,Marosatherina ladigesi,https://upload.wikimedia.org//wikipedia/commons/1/1d/Marosatherina_ladigesi.jpg,,,,https://en.wikipedia.org//wiki/Marosatherina_ladigesi
Forktail blue-eye,Pseudomugil furcatus,https://upload.wikimedia.org//wikipedia/commons/8/84/Pseudomugil_furcatus_m_Aquarium_DG.jpg,,,,https://en.wikipedia.org//wiki/Pseudomugil_furcatus
Spotted blue-eye,Pseudomugil gertrudae,https://upload.wikimedia.org//wikipedia/commons/1/1a/Pseudomugil_gertrudae_ARUII_Maennchen.jpg,,,,https://en.wikipedia.org//wiki/Pseudomugil_gertrudae
Pacific blue-eye,Pseudomugil signifer,https://upload.wikimedia.org//wikipedia/commons/3/30/052fishcropped.jpg,,,,https://en.wikipedia.org//wiki/Pseudomugil_signifer
Delicate blue-eye,Pseudomugil tenellus,,,,,https://en.wikipedia.org//wiki/Pseudomugil_tenellus
Madagascar rainbowfish,Bedotia madagascariensis,https://upload.wikimedia.org//wikipedia/commons/f/fe/Bedotia_geayi_1.jpg,,,,
Empire gudgeon,Hypseleotris compressa,https://upload.wikimedia.org//wikipedia/commons/7/72/Hypseleotris_compressa.jpg,,,,
Purple sleeper gudgeon,Mogurnda mogurnda,https://upload.wikimedia.org//wikipedia/commons/f/f8/Mogurnda_mogurnda.png,,,,
Peacock gudgeon,Tateurndina ocellicauda,https://upload.wikimedia.org//wikipedia/commons/1/19/Tateurndina_ocellicauda_male_DG.jpg,,,,https://en.wikipedia.org//wiki/Tateurndina_ocellicauda
Black toraja goby,Mugilogobius sarasinorum,,,,,https://en.wikipedia.org//wiki/Mugilogobius_sarasinorum
Bumblebee goby,Brachygobius doriae,https://upload.wikimedia.org//wikipedia/commons/a/ac/Brachygobius_doriae.jpg,,,,
Knight goby,Stigmatogobius sadanundio,https://upload.wikimedia.org//wikipedia/commons/2/2e/Babka_nakrapiana_-_Podwodne_Kr%C3%B3lestwo.jpg,,,,
Rainbow stiphodon,Stiphodon ornatus,https://upload.wikimedia.org//wikipedia/commons/3/3d/Stiphodon_ornatus.jpg,,,,
Cobalt blue goby,Stiphodon semoni,,,,,
Bearded worm goby,Taenioides cirratus,,,,,
Marbled goby,Oxyeleotris marmorata,https://upload.wikimedia.org//wikipedia/commons/d/d7/Oxyel_marmor_080425_7661_tdp.jpg,,,,
Crazy fish,Butis butis,https://upload.wikimedia.org//wikipedia/commons/b/b5/Butis_butis_%28Hamilton%2C_1822%29.jpg,,,,https://en.wikipedia.org//wiki/Butis_butis
"Dragon goby, Violet goby",Gobioides broussonnetii,https://upload.wikimedia.org//wikipedia/commons/c/c9/Gobioides_broussonnetii_-_Gobie_violet_-_Aqua_Porte_Dor%C3%A9e_13.JPG,,,,https://en.wikipedia.org//wiki/Gobioides_broussonnetii
Striped sleeper goby,Dormitator maculatus,https://upload.wikimedia.org//wikipedia/commons/b/b8/Fat_Sleeper_%28Dormitator_maculatus%29.jpg,,,,
Pygmy sunfish,Elassomatidae,https://upload.wikimedia.org//wikipedia/commons/3/34/Elassoma_Gilberti_male_in_breeding_colors.jpg,,,,https://en.wikipedia.org//wiki/Elassomatidae
Blackbanded sunfish,Enneacanthus chaetodon,https://upload.wikimedia.org//wikipedia/commons/9/97/Enneacanthus_chaetodon_02.jpg,,,,https://en.wikipedia.org//wiki/Enneacanthus_chaetodon
Blue-spotted sunfish,Enneacanthus gloriosus,https://upload.wikimedia.org//wikipedia/commons/7/75/Enneacanthus_gloriosus.jpg,,,,https://en.wikipedia.org//wiki/Enneacanthus_gloriosus
Redbreast sunfish,Lepomis auritus,https://upload.wikimedia.org//wikipedia/commons/2/24/Lepomis_auritus.jpg,,,,https://en.wikipedia.org//wiki/Lepomis_auritus
Green sunfish,Lepomis cyanellus,https://upload.wikimedia.org//wikipedia/commons/7/79/Green_sunfish.JPG,,,,https://en.wikipedia.org//wiki/Lepomis_cyanellus
Orangespotted sunfish,Lepomis humilis,https://upload.wikimedia.org//wikipedia/commons/6/68/Orangespottednctc.png,,,,https://en.wikipedia.org//wiki/Lepomis_humilis
Pumpkinseed,Lepomis gibbosus,https://upload.wikimedia.org//wikipedia/commons/e/eb/Lepomis_gibbosus_PAQ.jpg,,,,https://en.wikipedia.org//wiki/Lepomis_gibbosus
Warmouth,Lepomis gulosus,https://upload.wikimedia.org//wikipedia/commons/5/5b/Warmouth_Sunfish_%28Lepomis_gulosus%29_%282497915731%29.jpg,,,,https://en.wikipedia.org//wiki/Lepomis_gulosus
Bluegill,Lepomis macrochirus,https://upload.wikimedia.org//wikipedia/commons/d/d2/Bluegill_%28Lepomis_macrochirus%29.jpg,,,,https://en.wikipedia.org//wiki/Lepomis_macrochirus
Dollar sunfish,Lepomis marginatus,https://upload.wikimedia.org//wikipedia/commons/9/9b/Lepomis_marginatus_UMFS_2014_1.JPG,,,,https://en.wikipedia.org//wiki/Lepomis_marginatus
Longear sunfish,Lepomis megalotis,https://upload.wikimedia.org//wikipedia/commons/6/69/Lepomis_megalotis_%28Longear_Sunfish%29_%2820396406%29.jpg,,,,https://en.wikipedia.org//wiki/Lepomis_megalotis
Redear sunfish,Lepomis microlophus,https://upload.wikimedia.org//wikipedia/commons/d/d0/Redear_Sunfish_002.jpg,,,,https://en.wikipedia.org//wiki/Lepomis_microlophus
Redspotted sunfish,Lepomis miniatus,https://upload.wikimedia.org//wikipedia/commons/7/74/Lepomis_miniatus_2.jpg,,,,https://en.wikipedia.org//wiki/Lepomis_miniatus
Northern sunfish,Lepomis peltastes,https://upload.wikimedia.org//wikipedia/commons/9/90/Lepomis_megalotis_2.jpg,,,,https://en.wikipedia.org//wiki/Lepomis_peltastes
Spotted sunfish,Lepomis punctatus,https://upload.wikimedia.org//wikipedia/commons/3/3b/FMIB_51023_Chinquapin_Perch.jpeg,,,,https://en.wikipedia.org//wiki/Lepomis_punctatus
"Gray bichir, Senegal bichir, or dinosaur bichir",Polypterus senegalus,https://upload.wikimedia.org//wikipedia/commons/5/5b/Polypterus_senegalus_senegalus_headstand.jpg,25–28 °C (77–82 °F)[39],"6.0-8.0[39]
",,
Ornate bichir,Polypterus ornatipinnis,https://upload.wikimedia.org//wikipedia/commons/4/40/Polypterus-ornatipinnis.jpg,26–28 °C (79–82 °F)[42],"6.0–8.0
",,
Retropinnis bichir,Polypterus retropinnis,,26–28 °C (79–82 °F),"6.5–7.5
",,https://en.wikipedia.org//wiki/Polypterus_retropinnis
Barred bichir,Polypterus delhezi,https://upload.wikimedia.org//wikipedia/commons/a/a3/Polypterus_delhezi_2.jpg,"24–30 °C (75–86 °F)
","6-8
",,https://en.wikipedia.org//wiki/Polypterus_delhezi
Saddled bichir,Polypterus endlicheri,https://upload.wikimedia.org//wikipedia/commons/f/f0/Polypterus_endlicherii.jpg,"22–27 °C (72–81 °F)
","6-8
",,
Reedfish,Erpetoichthys calabaricus,https://upload.wikimedia.org//wikipedia/commons/6/62/Akwa19_reedfish.jpg,22–28 °C (72–82 °F)[45],"6.0–8.0[45]
",,https://en.wikipedia.org//wiki/Erpetoichthys_calabaricus
Hingemouth,Phractolaemus ansorgii,,,,,https://en.wikipedia.org//wiki/Phractolaemus_ansorgii
Blunt-jawed elephantnose,Campylomormyrus tamandua,https://upload.wikimedia.org//wikipedia/commons/1/10/Campylomormyrus_tamandua.png,,,,https://en.wikipedia.org//wiki/Campylomormyrus_tamandua
Peters' elephant nose,Gnathonemus petersii,https://upload.wikimedia.org//wikipedia/commons/e/e5/Gnathonemus_petersii_by_OpenCage.jpg,,,,https://en.wikipedia.org//wiki/Gnathonemus_petersii
African butterflyfish,Pantodon buchholzi,https://upload.wikimedia.org//wikipedia/commons/3/36/Pantodon_buchholzi.jpg,,,,https://en.wikipedia.org//wiki/Pantodon_buchholzi
Aba aba,Gymnarchus niloticus,https://upload.wikimedia.org//wikipedia/commons/5/57/Gymnarchus_007.jpg,,,,https://en.wikipedia.org//wiki/Gymnarchus_niloticus
Reticulated knifefish,Papyrocranus afer,,,,,
African brown knifefish,Xenomystus nigri,https://upload.wikimedia.org//wikipedia/commons/a/ac/Xenomystus_nigri_1.JPG,,,,https://en.wikipedia.org//wiki/Xenomystus_nigri
Clown knifefish,Chitala ornata,https://upload.wikimedia.org//wikipedia/commons/a/a3/Chitala_ornata_%28Zoo_Brno%2C_Czech_Republic%29.jpg,,,,https://en.wikipedia.org//wiki/Chitala_ornata
Asian arowana,Scleropages formosus,https://upload.wikimedia.org//wikipedia/commons/e/ec/Scleropages_formosus_Prague_2012_1.jpg,,,,https://en.wikipedia.org//wiki/Scleropages_formosus
Silver arowana,Osteoglossum bicirrhosum,https://upload.wikimedia.org//wikipedia/commons/b/bf/Osteoglossum_bicirrhosum.JPG,,,,https://en.wikipedia.org//wiki/Osteoglossum_bicirrhosum
Freshwater pipefish,Doryichthys martensii,,,,,
African freshwater pipefish,Enneacampus ansorgii,,,,,
Fire eel,Mastacembelus erythrotaenia,https://upload.wikimedia.org//wikipedia/commons/0/00/Ildaal.jpg,,,,https://en.wikipedia.org//wiki/Mastacembelus_erythrotaenia
Tire track eel,Mastacembelus armatus,https://upload.wikimedia.org//wikipedia/commons/1/10/Tire_Track_Eel.jpg,,,,https://en.wikipedia.org//wiki/Mastacembelus_armatus
Spotfinned spiny eel,Macrognathus siamensis,https://upload.wikimedia.org//wikipedia/commons/c/c6/Macrognathus_siamenis.jpg,,,,
Half-banded spiny eel,Macrognathus circumcinctus,,,,,
Lesser spiny eel,Macrognathus aculeatus,,,,,https://en.wikipedia.org//wiki/Macrognathus_aculeatus
Freshwater sole,Brachirus panoides,https://upload.wikimedia.org//wikipedia/commons/4/4a/Synaptura_panoides_-_1866-1872_-_Print_-_Iconographia_Zoologica_-_Special_Collections_University_of_Amsterdam_-_UBA01_IZ14000237.tif,,,,
Freshwater needlefish,Xenentodon cancila,https://upload.wikimedia.org//wikipedia/commons/5/5c/Xenentodon_cancila_%28Wroclaw_zoo%29-1.JPG,,,,
Javanese ricefish,Oryzias javanicus,https://upload.wikimedia.org//wikipedia/commons/b/b3/Oryzias_javanicus.jpg,,,,
Daisy's Ricefish,Oryzias woworae,https://upload.wikimedia.org//wikipedia/commons/4/4e/Oryzias_woworae.jpg,,,,
Indian glassy fish,Parambassis ranga,https://upload.wikimedia.org//wikipedia/commons/7/77/Parambassis_ranga_2.jpg,,,,
Amazon leaffish,Monocirrhus polyacanthus,https://upload.wikimedia.org//wikipedia/commons/2/26/Monocirrhus_polyacanthus.jpg,,,,https://en.wikipedia.org//wiki/Monocirrhus_polyacanthus
Indonesian tigerfish,Datnioides microlepis,https://upload.wikimedia.org//wikipedia/commons/9/90/Tigerfish037.JPG,,,,
Silver tigerfish,Datnioides polota,https://upload.wikimedia.org//wikipedia/commons/c/cb/Datnioides_polota_%28Hamilton%2C_1822%29.jpg,,,,
Banded archerfish,Toxotes jaculatrix,https://upload.wikimedia.org//wikipedia/commons/2/27/Toxotes_jaculatrix_Porte_dor%C3%A9e.jpg,,,,https://en.wikipedia.org//wiki/Toxotes_jaculatrix
Spotted scat,Scatophagus argus,https://upload.wikimedia.org//wikipedia/commons/2/2c/Scatophagus_argus_%28Wroclaw_zoo%29-2.JPG,,,,
Green spotted puffer,Dichotomyctere nigroviridis,https://upload.wikimedia.org//wikipedia/commons/b/b6/Tetraodon_nigroviridis_1.jpg,,,,
Humpback Puffer,Pao palembangensis,,,,,
Red-tail dwarf puffer,Carinotetraodon irrubesco,https://upload.wikimedia.org//wikipedia/commons/5/50/Carinotetraodon_irrubesco_male.JPG,,,,
Golden puffer,Auriglobus modestus,,,,,
Figure 8 pufferfish,Tetraodon biocellatus,https://upload.wikimedia.org//wikipedia/en/c/cf/Tbiocellatus.jpg,,,,https://en.wikipedia.org//wiki/Tetraodon_biocellatus
Dwarf pufferfish,Carinotetraodon travancoricus,https://upload.wikimedia.org//wikipedia/commons/c/c4/Carinotetraodon_travancoricus_2.JPG,,,,https://en.wikipedia.org//wiki/Carinotetraodon_travancoricus
Fahaka puffer,Tetraodon lineatus,https://upload.wikimedia.org//wikipedia/commons/c/c3/TetraodonLineatus.JPG,,,,https://en.wikipedia.org//wiki/Tetraodon_lineatus
Mbu puffer,Tetraodon mbu,https://upload.wikimedia.org//wikipedia/en/8/83/Juvenile_Mbu_pufferfish.jpg,,,,https://en.wikipedia.org//wiki/Tetraodon_mbu
Congo pufferfish,Tetraodon miurus,https://upload.wikimedia.org//wikipedia/commons/3/3a/Tetraodon_miurus.jpg,,,,https://en.wikipedia.org//wiki/Tetraodon_miurus
Amazon puffer,Colomesus asellus,https://upload.wikimedia.org//wikipedia/commons/4/40/Assel-Kugelfisch.jpg,,,,
West African lungfish,Protopterus annectens,https://upload.wikimedia.org//wikipedia/commons/b/b8/G%C5%91tehal-2.jpg,,,,https://en.wikipedia.org//wiki/Protopterus_annectens
Spotted lungfish,Protopterus dolloi,https://upload.wikimedia.org//wikipedia/commons/c/ca/Dolloi.jpg,,,,https://en.wikipedia.org//wiki/Protopterus_dolloi
South American lungfish,Lepidosiren paradoxa,https://upload.wikimedia.org//wikipedia/commons/2/2a/Lepidosiren_paradoxa_Aquarium_tropical_du_Palais_de_la_Porte_Dor%C3%A9e_10042016_1.jpg,,,,https://en.wikipedia.org//wiki/Lepidosiren_paradoxa
Ocellate river stingray,Potamotrygon motoro,https://upload.wikimedia.org//wikipedia/commons/c/ca/Pfauenaugen-Stechrochen_-_Ocellate_river_stingray_-_Potamotrygon_motoro.jpg,,,,https://en.wikipedia.org//wiki/Potamotrygon_motoro
Black devil stingray,Potamotrygon leopoldi,https://upload.wikimedia.org//wikipedia/commons/e/e9/Potamotrygon_leopoldi_Prague_2011_2.jpg,,,,https://en.wikipedia.org//wiki/Potamotrygon_leopoldi
Black ghost knifefish,Apteronotus albifrons,https://upload.wikimedia.org//wikipedia/commons/b/bf/Apteronotus_albifrons_Aquarium_tropical_du_Palais_de_la_Porte_Dor%C3%A9e_10_04_2016_1.jpg,"23-28C (73-82F)
","6.0-8.0
",,https://en.wikipedia.org//wiki/Apteronotus_albifrons
Brown ghost knifefish,Apteronotus leptorhynchus,,,,,https://en.wikipedia.org//wiki/Apteronotus_leptorhynchus
Electric eel,Electrophorus electricus,https://upload.wikimedia.org//wikipedia/commons/8/8f/Electric-eel.jpg,,,,
Glass knifefish,Eigenmannia virescens,https://upload.wikimedia.org//wikipedia/commons/f/ff/Eigenmannia_virescens_000.jpg,,,,
Sterlet,Acipenser ruthenus,https://upload.wikimedia.org//wikipedia/commons/3/3d/Acipenser_ruthenus_Prague_Vltava_1.jpg,,,,https://en.wikipedia.org//wiki/Acipenser_ruthenus
Shovelnose Sturgeon,Scaphirhynchus platorynchus,https://upload.wikimedia.org//wikipedia/commons/d/d6/Shovelnose_Sturgeon_01-19-08_1241.jpg,,,,https://en.wikipedia.org//wiki/Scaphirhynchus_platorynchus
Spotted Gar,Lepisosteus oculatus,https://upload.wikimedia.org//wikipedia/commons/f/f7/Lepisosteus_oculatus1.jpg,,,,https://en.wikipedia.org//wiki/Lepisosteus_oculatus
Longnose Gar,Lepisosteus osseus,https://upload.wikimedia.org//wikipedia/commons/f/fc/Lepisosteus_osseus_1.jpg,,,,https://en.wikipedia.org//wiki/Lepisosteus_osseus
Florida Gar,Lepisosteus platyrhincus,https://upload.wikimedia.org//wikipedia/commons/1/10/Lepisosteus_platyrhincus.JPG,,,,https://en.wikipedia.org//wiki/Lepisosteus_platyrhincus
Alligator Gar,Atractosteus spatula,https://upload.wikimedia.org//wikipedia/commons/2/29/Alligator_Gar_%28Atractosteus_spatula%29_%283149748488%29.jpg,,,,https://en.wikipedia.org//wiki/Atractosteus_spatula
Cuban Gar,Atractosteus tristoechus,https://upload.wikimedia.org//wikipedia/commons/0/0d/MANJUARI-2.jpg,,,,https://en.wikipedia.org//wiki/Atractosteus_tristoechus
Tropical Gar,Atractosteus tropicus,https://upload.wikimedia.org//wikipedia/commons/5/57/PuertoAristaSanctuary04.JPG,,,,https://en.wikipedia.org//wiki/Atractosteus_tropicus
Freshwater blenny,Salaria fluviatilis,https://upload.wikimedia.org//wikipedia/commons/6/65/Blennie_d%27eau_douce-Salaria_fluviatilis.JPG,,,,https://en.wikipedia.org//wiki/Salaria_fluviatilis
Pickerel,Esox americanus,https://upload.wikimedia.org//wikipedia/commons/3/33/Esox_americanus_vermiculatus.jpg,,,,https://en.wikipedia.org//wiki/Esox_americanus
Brook stickleback,Culaea inconstans,https://upload.wikimedia.org//wikipedia/commons/6/69/Culaea_inconstans.jpg,,,,https://en.wikipedia.org//wiki/Culaea_inconstans
European Perch,Perca fluviatilis,https://upload.wikimedia.org//wikipedia/commons/0/09/Perca_fluviatilis2.jpg,,,,https://en.wikipedia.org//wiki/Perca_fluviatilis
Banded darter,Etheostoma zonale,,,,,
Gilt darter,Percina evides,https://upload.wikimedia.org//wikipedia/commons/7/74/Percina_evides.jpg,,,,https://en.wikipedia.org//wiki/Percina_evides
Orangethroat darter,Etheostoma spectabile,https://upload.wikimedia.org//wikipedia/commons/0/09/Orangethroat_darter_male.jpg,,,,https://en.wikipedia.org//wiki/Etheostoma_spectabile
Rainbow darter,Etheostoma caeruleum,https://upload.wikimedia.org//wikipedia/commons/f/f2/Etheostoma_caeruleum.jpg,,,,https://en.wikipedia.org//wiki/Etheostoma_caeruleum
Splendid darter,Etheostoma barrenense,,,,,https://en.wikipedia.org//wiki/Etheostoma_barrenense
